"datasets/ontologies/model(BigModel(toOntology).csv 0).ttl",,,,,
Layer,node,Number of connected classes,Number of classes total,csv row,pruning type
0,43,7,10,0,
0,74,1,10,0,
0,80,1,10,0,
0,91,1,10,0,
1,9,2,10,0,
1,12,1,10,0,
1,39,1,10,0,
1,116,1,10,0,
1,130,2,10,0,
1,149,3,10,0,
2,18,1,10,0,
2,51,2,10,0,
2,65,1,10,0,
2,67,2,10,0,
2,69,3,10,0,
2,83,2,10,0,
2,88,1,10,0,
2,98,1,10,0,
2,107,2,10,0,
2,139,2,10,0,
3,2,1,10,0,
3,4,1,10,0,
3,22,1,10,0,
3,34,1,10,0,
3,45,1,10,0,
3,74,2,10,0,
3,89,2,10,0,
3,96,1,10,0,
3,100,2,10,0,
3,137,2,10,0,
4,62,1,10,0,
4,65,1,10,0,
4,101,1,10,0,
4,109,1,10,0,
4,162,2,10,0,
5,77,2,10,0,
5,97,6,10,0,
5,106,1,10,0,
5,108,2,10,0,
5,116,1,10,0,
6,28,3,10,0,
6,40,5,10,0,
6,68,2,10,0,
6,113,2,10,0,
7,53,2,10,0,
7,106,2,10,0,
8,56,2,10,0,
8,107,2,10,0,
8,132,8,10,0,
9,120,2,10,0,
9,181,2,10,0,
10,32,8,10,0,
10,37,2,10,0,
10,103,2,10,0,
10,105,8,10,0,
11,28,2,10,0,
11,45,8,10,0,
11,68,2,10,0,
12,9,2,10,0,
12,59,8,10,0,
12,120,8,10,0,
12,130,2,10,0,
13,23,8,10,0,
13,38,2,10,0,
13,58,8,10,0,
13,98,2,10,0,
14,112,8,10,0,
14,153,2,10,0,
15,43,8,10,0,
15,56,2,10,0,
15,132,2,10,0,
16,49,8,10,0,
16,74,2,10,0,
16,168,2,10,0,
17,14,8,10,0,
17,36,2,10,0,
17,162,2,10,0,
17,166,8,10,0,
18,40,8,10,0,
18,93,8,10,0,
18,122,2,10,0,
18,145,2,10,0,
19,1,2,10,0,
19,22,1,10,0,
19,36,1,10,0,
19,108,7,10,0,
20,1,3,10,0,
20,23,2,10,0,
20,124,1,10,0,
20,151,2,10,0,
21,26,1,10,0,
21,96,2,10,0,
21,100,2,10,0,
21,165,2,10,0,
22,11,1,10,0,
22,154,2,10,0,
23,123,1,10,0,
23,154,3,10,0,
24,59,1,10,0,
25,147,1,10,0,
26,23,1,10,0,
26,126,1,10,0,
26,195,1,10,0,
,,,,,
"datasets/ontologies/model(BigModel(toOntology).csv 1).ttl",,,,,
Layer,node,Number of connected classes,Number of classes total,csv row,pruning type
0,23,1,10,1,
0,88,8,10,1,
1,26,1,10,1,
1,112,8,10,1,
1,117,8,10,1,
1,131,1,10,1,
2,36,3,10,1,
2,135,2,10,1,
2,142,1,10,1,
2,144,1,10,1,
3,104,2,10,1,
3,117,1,10,1,
4,21,10,10,1,
4,60,1,10,1,
4,134,8,10,1,
5,144,10,10,1,
6,4,10,10,1,
6,107,10,10,1,
7,81,10,10,1,
8,27,10,10,1,
9,174,10,10,1,
10,60,10,10,1,
10,182,10,10,1,
11,20,9,10,1,
11,39,1,10,1,
12,30,9,10,1,
12,64,9,10,1,
12,69,1,10,1,
13,10,1,10,1,
13,17,9,10,1,
13,18,9,10,1,
13,145,1,10,1,
14,19,1,10,1,
14,41,9,10,1,
14,99,10,10,1,
15,3,9,10,1,
15,73,1,10,1,
15,78,1,10,1,
15,99,9,10,1,
16,113,1,10,1,
16,141,9,10,1,
16,175,1,10,1,
17,67,1,10,1,
17,77,1,10,1,
17,124,9,10,1,
18,110,9,10,1,
18,113,1,10,1,
19,31,9,10,1,
19,148,1,10,1,
19,188,1,10,1,
20,112,8,10,1,
20,119,1,10,1,
20,180,1,10,1,
21,76,7,10,1,
21,151,2,10,1,
21,183,1,10,1,
21,185,2,10,1,
22,21,1,10,1,
22,39,1,10,1,
22,98,1,10,1,
22,111,1,10,1,
25,78,2,10,1,
26,38,1,10,1,
26,187,1,10,1,
,,,,,
"datasets/ontologies/model(BigModel(toOntology).csv 2).ttl",,,,,
Layer,node,Number of connected classes,Number of classes total,csv row,pruning type
0,69,2,10,2,
0,122,6,10,2,
0,168,2,10,2,
0,172,1,10,2,
1,0,1,10,2,
1,9,1,10,2,
1,11,2,10,2,
1,15,1,10,2,
1,34,2,10,2,
1,48,1,10,2,
1,79,3,10,2,
1,99,1,10,2,
1,105,1,10,2,
1,120,3,10,2,
1,162,2,10,2,
2,55,2,10,2,
2,87,1,10,2,
2,124,1,10,2,
2,129,2,10,2,
2,163,5,10,2,
2,170,3,10,2,
3,17,7,10,2,
3,98,6,10,2,
3,103,2,10,2,
3,139,1,10,2,
3,144,1,10,2,
3,169,1,10,2,
4,21,1,10,2,
4,43,8,10,2,
4,57,1,10,2,
4,75,1,10,2,
4,120,1,10,2,
5,21,1,10,2,
5,64,9,10,2,
5,78,1,10,2,
6,88,9,10,2,
6,130,1,10,2,
6,168,9,10,2,
6,177,1,10,2,
7,98,9,10,2,
7,158,10,10,2,
8,97,10,10,2,
9,40,9,10,2,
9,102,10,10,2,
9,181,1,10,2,
10,7,9,10,2,
10,16,10,10,2,
10,155,1,10,2,
11,21,10,10,2,
11,76,10,10,2,
12,161,10,10,2,
13,55,10,10,2,
13,87,10,10,2,
14,66,10,10,2,
14,68,10,10,2,
15,52,10,10,2,
15,61,10,10,2,
16,147,10,10,2,
17,46,9,10,2,
17,160,10,10,2,
17,188,1,10,2,
18,123,10,10,2,
18,186,10,10,2,
19,12,10,10,2,
20,192,10,10,2,
21,151,7,10,2,
22,32,1,10,2,
23,2,5,10,2,
23,43,1,10,2,
23,79,1,10,2,
24,166,1,10,2,
24,187,2,10,2,
25,41,1,10,2,
25,53,1,10,2,
25,91,1,10,2,
,,,,,
"datasets/ontologies/model(BigModel(toOntology).csv 3).ttl",,,,,
Layer,node,Number of connected classes,Number of classes total,csv row,pruning type
0,9,9,10,3,TOFD
0,33,1,10,3,TOFD
0,39,1,10,3,TOFD
0,73,2,10,3,TOFD
0,75,6,10,3,TOFD
0,87,1,10,3,TOFD
1,7,9,10,3,TOFD
1,9,1,10,3,TOFD
1,57,2,10,3,TOFD
1,69,1,10,3,TOFD
1,79,2,10,3,TOFD
1,81,1,10,3,TOFD
2,5,8,10,3,TOFD
2,13,7,10,3,TOFD
2,14,2,10,3,TOFD
2,18,1,10,3,TOFD
2,98,2,10,3,TOFD
3,25,8,10,3,TOFD
3,31,1,10,3,TOFD
3,72,2,10,3,TOFD
3,75,2,10,3,TOFD
3,88,5,10,3,TOFD
3,93,1,10,3,TOFD
4,23,1,10,3,TOFD
4,68,2,10,3,TOFD
4,76,8,10,3,TOFD
4,79,2,10,3,TOFD
5,14,1,10,3,TOFD
5,45,1,10,3,TOFD
5,68,10,10,3,TOFD
6,4,1,10,3,TOFD
6,69,9,10,3,TOFD
7,25,8,10,3,TOFD
7,95,10,10,3,TOFD
7,98,1,10,3,TOFD
8,31,2,10,3,TOFD
8,64,4,10,3,TOFD
8,71,9,10,3,TOFD
8,102,5,10,3,TOFD
9,15,10,10,3,TOFD
10,14,10,10,3,TOFD
10,31,10,10,3,TOFD
11,21,10,10,3,TOFD
11,99,10,10,3,TOFD
12,42,10,10,3,TOFD
12,104,10,10,3,TOFD
13,36,10,10,3,TOFD
13,82,10,10,3,TOFD
14,29,10,10,3,TOFD
16,51,10,10,3,TOFD
16,59,10,10,3,TOFD
18,31,10,10,3,TOFD
19,0,6,10,3,TOFD
19,98,10,10,3,TOFD
20,58,10,10,3,TOFD
20,90,9,10,3,TOFD
21,7,8,10,3,TOFD
21,26,10,10,3,TOFD
22,7,1,10,3,TOFD
22,39,4,10,3,TOFD
23,57,5,10,3,TOFD
24,8,2,10,3,TOFD
25,71,1,10,3,TOFD
27,15,1,10,3,TOFD
,,,,,
"datasets/ontologies/model(BigModel(toOntology).csv 4).ttl",,,,,
Layer,node,Number of connected classes,Number of classes total,csv row,pruning type
0,9,6,10,4,TOFD
0,32,1,10,4,TOFD
0,50,1,10,4,TOFD
0,55,6,10,4,TOFD
0,64,5,10,4,TOFD
0,95,1,10,4,TOFD
1,16,1,10,4,TOFD
1,63,9,10,4,TOFD
1,75,1,10,4,TOFD
2,10,2,10,4,TOFD
2,50,1,10,4,TOFD
2,63,1,10,4,TOFD
2,90,1,10,4,TOFD
2,91,7,10,4,TOFD
2,96,8,10,4,TOFD
3,18,1,10,4,TOFD
3,52,3,10,4,TOFD
3,55,1,10,4,TOFD
3,88,9,10,4,TOFD
3,89,4,10,4,TOFD
4,3,2,10,4,TOFD
4,26,10,10,4,TOFD
4,47,2,10,4,TOFD
4,55,6,10,4,TOFD
5,63,1,10,4,TOFD
5,77,10,10,4,TOFD
6,34,8,10,4,TOFD
6,49,6,10,4,TOFD
6,76,2,10,4,TOFD
7,5,10,10,4,TOFD
7,54,10,10,4,TOFD
8,53,10,10,4,TOFD
9,46,1,10,4,TOFD
9,69,9,10,4,TOFD
9,101,10,10,4,TOFD
10,31,10,10,4,TOFD
11,81,10,10,4,TOFD
11,82,10,10,4,TOFD
12,58,10,10,4,TOFD
12,100,10,10,4,TOFD
13,12,10,10,4,TOFD
13,72,10,10,4,TOFD
14,88,10,10,4,TOFD
14,104,10,10,4,TOFD
15,13,10,10,4,TOFD
15,49,10,10,4,TOFD
17,33,10,10,4,TOFD
18,28,10,10,4,TOFD
18,103,10,10,4,TOFD
19,77,10,10,4,TOFD
19,91,3,10,4,TOFD
20,85,10,10,4,TOFD
21,10,9,10,4,TOFD
21,69,6,10,4,TOFD
22,23,4,10,4,TOFD
22,67,6,10,4,TOFD
23,5,4,10,4,TOFD
24,46,1,10,4,TOFD
24,59,1,10,4,TOFD
25,57,2,10,4,TOFD
26,99,1,10,4,TOFD
27,49,2,10,4,TOFD
27,90,1,10,4,TOFD
,,,,,
"datasets/ontologies/model(BigModel(toOntology).csv 6).ttl",,,,,
Layer,node,Number of connected classes,Number of classes total,csv row,pruning type
0,5,5,10,6,TOFD
0,8,1,10,6,TOFD
0,17,1,10,6,TOFD
0,21,8,10,6,TOFD
0,48,5,10,6,TOFD
1,40,1,10,6,TOFD
1,53,9,10,6,TOFD
1,59,4,10,6,TOFD
1,71,1,10,6,TOFD
1,75,1,10,6,TOFD
1,81,2,10,6,TOFD
2,17,2,10,6,TOFD
2,28,8,10,6,TOFD
2,49,2,10,6,TOFD
3,10,1,10,6,TOFD
3,11,1,10,6,TOFD
3,12,2,10,6,TOFD
3,43,1,10,6,TOFD
3,60,8,10,6,TOFD
3,61,1,10,6,TOFD
3,71,6,10,6,TOFD
4,12,6,10,6,TOFD
4,17,3,10,6,TOFD
4,27,8,10,6,TOFD
4,78,2,10,6,TOFD
4,93,1,10,6,TOFD
5,19,2,10,6,TOFD
5,20,2,10,6,TOFD
5,47,3,10,6,TOFD
5,69,3,10,6,TOFD
5,77,2,10,6,TOFD
5,92,8,10,6,TOFD
6,11,8,10,6,TOFD
6,29,1,10,6,TOFD
6,66,9,10,6,TOFD
6,83,1,10,6,TOFD
7,5,1,10,6,TOFD
7,39,2,10,6,TOFD
7,58,8,10,6,TOFD
7,72,8,10,6,TOFD
7,73,1,10,6,TOFD
8,0,8,10,6,TOFD
8,22,1,10,6,TOFD
8,47,1,10,6,TOFD
9,40,10,10,6,TOFD
10,71,10,10,6,TOFD
10,99,10,10,6,TOFD
11,9,10,10,6,TOFD
11,89,10,10,6,TOFD
12,33,10,10,6,TOFD
12,52,10,10,6,TOFD
13,5,10,10,6,TOFD
14,40,10,10,6,TOFD
14,66,10,10,6,TOFD
15,36,10,10,6,TOFD
15,60,10,10,6,TOFD
16,18,10,10,6,TOFD
16,51,10,10,6,TOFD
17,26,10,10,6,TOFD
18,8,10,10,6,TOFD
19,40,10,10,6,TOFD
19,41,8,10,6,TOFD
20,2,9,10,6,TOFD
21,38,6,10,6,TOFD
22,31,5,10,6,TOFD
22,86,5,10,6,TOFD
23,80,2,10,6,TOFD
23,108,2,10,6,TOFD
24,7,3,10,6,TOFD
25,96,1,10,6,TOFD
26,24,1,10,6,TOFD
,,,,,
"datasets/ontologies/model(BigModel(toOntology).csv 9).ttl",,,,,
Layer,node,Number of connected classes,Number of classes total,csv row,pruning type
5,82,1,10,9,thinet
9,48,1,10,9,thinet
20,84,1,10,9,thinet
21,101,1,10,9,thinet
,,,,,
"datasets/ontologies/model(BigModel(toOntology).csv 10).ttl",,,,,
Layer,node,Number of connected classes,Number of classes total,csv row,pruning type
0,96,1,10,10,thinet
6,67,3,10,10,thinet
15,87,6,10,10,thinet
16,9,4,10,10,thinet
16,69,9,10,10,thinet
18,74,8,10,10,thinet
18,100,1,10,10,thinet
19,81,7,10,10,thinet
20,108,1,10,10,thinet
,,,,,
"datasets/ontologies/model(BigModel(toOntology).csv 11).ttl",,,,,
Layer,node,Number of connected classes,Number of classes total,csv row,pruning type
0,48,1,10,11,thinet
0,70,6,10,11,thinet
0,76,6,10,11,thinet
0,103,1,10,11,thinet
1,9,8,10,11,thinet
1,46,1,10,11,thinet
1,66,1,10,11,thinet
5,48,1,10,11,thinet
6,8,5,10,11,thinet
6,53,2,10,11,thinet
7,9,3,10,11,thinet
7,97,1,10,11,thinet
13,0,1,10,11,thinet
13,36,1,10,11,thinet
24,11,1,10,11,thinet
24,37,1,10,11,thinet
26,32,1,10,11,thinet
,,,,,
"datasets/ontologies/model(BigModel(toOntology).csv 12).ttl",,,,,
Layer,node,Number of connected classes,Number of classes total,csv row,pruning type
2,39,1,10,12,RandomStructured
3,118,1,10,12,RandomStructured
3,128,1,10,12,RandomStructured
4,17,7,10,12,RandomStructured
4,28,1,10,12,RandomStructured
4,130,1,10,12,RandomStructured
5,73,9,10,12,RandomStructured
5,80,1,10,12,RandomStructured
5,131,1,10,12,RandomStructured
6,68,1,10,12,RandomStructured
6,104,9,10,12,RandomStructured
6,113,1,10,12,RandomStructured
8,21,1,10,12,RandomStructured
8,107,1,10,12,RandomStructured
8,132,9,10,12,RandomStructured
9,5,1,10,12,RandomStructured
10,32,9,10,12,RandomStructured
10,42,1,10,12,RandomStructured
10,89,1,10,12,RandomStructured
11,124,9,10,12,RandomStructured
11,159,1,10,12,RandomStructured
12,72,9,10,12,RandomStructured
12,96,1,10,12,RandomStructured
13,98,1,10,12,RandomStructured
13,113,1,10,12,RandomStructured
14,34,1,10,12,RandomStructured
14,72,1,10,12,RandomStructured
14,171,9,10,12,RandomStructured
14,182,8,10,12,RandomStructured
15,40,1,10,12,RandomStructured
15,118,9,10,12,RandomStructured
16,37,2,10,12,RandomStructured
16,118,1,10,12,RandomStructured
17,151,1,10,12,RandomStructured
18,40,9,10,12,RandomStructured
18,168,1,10,12,RandomStructured
19,149,8,10,12,RandomStructured
20,44,8,10,12,RandomStructured
20,124,6,10,12,RandomStructured
21,161,4,10,12,RandomStructured
22,15,1,10,12,RandomStructured
22,48,2,10,12,RandomStructured
22,173,7,10,12,RandomStructured
23,38,6,10,12,RandomStructured
23,167,1,10,12,RandomStructured
24,135,5,10,12,RandomStructured
24,196,2,10,12,RandomStructured
,,,,,
"datasets/ontologies/model(BigModel(toOntology).csv 13).ttl",,,,,
Layer,node,Number of connected classes,Number of classes total,csv row,pruning type
1,19,1,10,13,RandomStructured
1,109,2,10,13,RandomStructured
1,134,5,10,13,RandomStructured
1,173,2,10,13,RandomStructured
2,107,2,10,13,RandomStructured
2,142,1,10,13,RandomStructured
2,149,1,10,13,RandomStructured
2,166,1,10,13,RandomStructured
2,167,2,10,13,RandomStructured
3,38,3,10,13,RandomStructured
3,70,1,10,13,RandomStructured
3,88,2,10,13,RandomStructured
3,97,3,10,13,RandomStructured
3,114,1,10,13,RandomStructured
3,143,3,10,13,RandomStructured
4,27,2,10,13,RandomStructured
4,47,1,10,13,RandomStructured
4,66,3,10,13,RandomStructured
4,117,1,10,13,RandomStructured
4,134,2,10,13,RandomStructured
4,139,2,10,13,RandomStructured
5,69,3,10,13,RandomStructured
5,136,3,10,13,RandomStructured
5,162,1,10,13,RandomStructured
6,10,3,10,13,RandomStructured
6,43,3,10,13,RandomStructured
7,144,7,10,13,RandomStructured
8,53,7,10,13,RandomStructured
9,155,10,10,13,RandomStructured
10,175,10,10,13,RandomStructured
10,178,10,10,13,RandomStructured
11,20,10,10,13,RandomStructured
11,123,10,10,13,RandomStructured
12,64,10,10,13,RandomStructured
13,17,10,10,13,RandomStructured
13,18,10,10,13,RandomStructured
14,99,10,10,13,RandomStructured
14,171,10,10,13,RandomStructured
15,99,10,10,13,RandomStructured
16,8,10,10,13,RandomStructured
16,189,10,10,13,RandomStructured
17,52,10,10,13,RandomStructured
17,98,10,10,13,RandomStructured
18,180,7,10,13,RandomStructured
18,191,10,10,13,RandomStructured
19,36,10,10,13,RandomStructured
20,10,5,10,13,RandomStructured
20,182,3,10,13,RandomStructured
21,117,2,10,13,RandomStructured
21,120,2,10,13,RandomStructured
21,123,5,10,13,RandomStructured
21,154,1,10,13,RandomStructured
21,185,1,10,13,RandomStructured
22,8,4,10,13,RandomStructured
22,80,1,10,13,RandomStructured
22,115,2,10,13,RandomStructured
22,117,6,10,13,RandomStructured
22,132,2,10,13,RandomStructured
22,185,1,10,13,RandomStructured
23,14,2,10,13,RandomStructured
23,59,2,10,13,RandomStructured
23,97,1,10,13,RandomStructured
23,122,1,10,13,RandomStructured
24,6,1,10,13,RandomStructured
24,115,1,10,13,RandomStructured
25,99,1,10,13,RandomStructured
,,,,,
"datasets/ontologies/model(BigModel(toOntology).csv 14).ttl",,,,,
Layer,node,Number of connected classes,Number of classes total,csv row,pruning type
0,14,4,10,14,RandomStructured
0,90,1,10,14,RandomStructured
0,112,4,10,14,RandomStructured
0,173,1,10,14,RandomStructured
1,13,1,10,14,RandomStructured
1,15,1,10,14,RandomStructured
1,110,2,10,14,RandomStructured
1,120,8,10,14,RandomStructured
2,74,2,10,14,RandomStructured
2,76,1,10,14,RandomStructured
2,86,5,10,14,RandomStructured
2,88,3,10,14,RandomStructured
2,163,4,10,14,RandomStructured
2,166,1,10,14,RandomStructured
2,170,2,10,14,RandomStructured
3,28,1,10,14,RandomStructured
3,111,3,10,14,RandomStructured
3,131,5,10,14,RandomStructured
3,144,3,10,14,RandomStructured
3,161,1,10,14,RandomStructured
6,97,10,10,14,RandomStructured
7,98,8,10,14,RandomStructured
7,100,3,10,14,RandomStructured
9,40,10,10,14,RandomStructured
9,102,10,10,14,RandomStructured
10,7,10,10,14,RandomStructured
11,76,10,10,14,RandomStructured
11,168,10,10,14,RandomStructured
12,185,10,10,14,RandomStructured
13,45,10,10,14,RandomStructured
13,137,10,10,14,RandomStructured
14,150,10,10,14,RandomStructured
15,25,1,10,14,RandomStructured
15,97,9,10,14,RandomStructured
15,113,10,10,14,RandomStructured
16,118,10,10,14,RandomStructured
17,83,9,10,14,RandomStructured
18,188,3,10,14,RandomStructured
19,85,3,10,14,RandomStructured
19,159,6,10,14,RandomStructured
20,120,6,10,14,RandomStructured
20,126,3,10,14,RandomStructured
21,134,3,10,14,RandomStructured
22,68,3,10,14,RandomStructured
22,75,2,10,14,RandomStructured
22,79,4,10,14,RandomStructured
23,86,3,10,14,RandomStructured
24,5,1,10,14,RandomStructured
24,6,1,10,14,RandomStructured
24,39,3,10,14,RandomStructured
25,46,1,10,14,RandomStructured
,,,,,
"datasets/ontologies/model(BigModel(toOntology).csv 15).ttl",,,,,
Layer,node,Number of connected classes,Number of classes total,csv row,pruning type
0,45,9,10,15,Recreation_Run
0,57,1,10,15,Recreation_Run
0,67,8,10,15,Recreation_Run
0,93,1,10,15,Recreation_Run
1,16,9,10,15,Recreation_Run
1,78,9,10,15,Recreation_Run
1,88,1,10,15,Recreation_Run
2,10,3,10,15,Recreation_Run
2,24,8,10,15,Recreation_Run
2,42,2,10,15,Recreation_Run
3,4,4,10,15,Recreation_Run
3,6,1,10,15,Recreation_Run
3,8,1,10,15,Recreation_Run
3,11,4,10,15,Recreation_Run
3,17,1,10,15,Recreation_Run
3,40,2,10,15,Recreation_Run
3,41,1,10,15,Recreation_Run
3,76,3,10,15,Recreation_Run
4,21,2,10,15,Recreation_Run
4,63,1,10,15,Recreation_Run
4,73,4,10,15,Recreation_Run
4,83,5,10,15,Recreation_Run
5,36,1,10,15,Recreation_Run
5,47,1,10,15,Recreation_Run
5,56,2,10,15,Recreation_Run
5,75,4,10,15,Recreation_Run
5,78,1,10,15,Recreation_Run
5,93,5,10,15,Recreation_Run
5,100,1,10,15,Recreation_Run
6,7,3,10,15,Recreation_Run
6,16,4,10,15,Recreation_Run
6,18,1,10,15,Recreation_Run
6,23,1,10,15,Recreation_Run
6,77,1,10,15,Recreation_Run
6,85,6,10,15,Recreation_Run
6,92,1,10,15,Recreation_Run
7,13,2,10,15,Recreation_Run
7,47,6,10,15,Recreation_Run
7,61,5,10,15,Recreation_Run
7,67,1,10,15,Recreation_Run
7,71,3,10,15,Recreation_Run
7,91,2,10,15,Recreation_Run
8,24,6,10,15,Recreation_Run
8,37,1,10,15,Recreation_Run
8,49,1,10,15,Recreation_Run
8,83,1,10,15,Recreation_Run
8,98,6,10,15,Recreation_Run
9,22,1,10,15,Recreation_Run
9,25,1,10,15,Recreation_Run
9,38,1,10,15,Recreation_Run
9,64,6,10,15,Recreation_Run
9,68,5,10,15,Recreation_Run
9,78,2,10,15,Recreation_Run
9,84,1,10,15,Recreation_Run
9,99,1,10,15,Recreation_Run
10,21,2,10,15,Recreation_Run
10,35,6,10,15,Recreation_Run
10,36,1,10,15,Recreation_Run
10,37,1,10,15,Recreation_Run
10,51,6,10,15,Recreation_Run
10,91,2,10,15,Recreation_Run
10,93,2,10,15,Recreation_Run
11,6,6,10,15,Recreation_Run
11,35,6,10,15,Recreation_Run
11,41,2,10,15,Recreation_Run
11,99,2,10,15,Recreation_Run
12,3,1,10,15,Recreation_Run
12,11,2,10,15,Recreation_Run
12,12,4,10,15,Recreation_Run
12,22,2,10,15,Recreation_Run
12,35,2,10,15,Recreation_Run
12,65,5,10,15,Recreation_Run
12,70,1,10,15,Recreation_Run
12,82,2,10,15,Recreation_Run
13,26,1,10,15,Recreation_Run
13,40,6,10,15,Recreation_Run
13,44,2,10,15,Recreation_Run
13,55,2,10,15,Recreation_Run
13,56,2,10,15,Recreation_Run
13,74,1,10,15,Recreation_Run
13,96,5,10,15,Recreation_Run
13,102,1,10,15,Recreation_Run
14,1,5,10,15,Recreation_Run
14,11,2,10,15,Recreation_Run
14,43,2,10,15,Recreation_Run
14,47,4,10,15,Recreation_Run
14,57,1,10,15,Recreation_Run
14,73,2,10,15,Recreation_Run
14,91,2,10,15,Recreation_Run
15,4,2,10,15,Recreation_Run
15,16,6,10,15,Recreation_Run
15,28,2,10,15,Recreation_Run
15,44,6,10,15,Recreation_Run
15,94,2,10,15,Recreation_Run
16,0,4,10,15,Recreation_Run
16,46,1,10,15,Recreation_Run
16,64,2,10,15,Recreation_Run
16,70,2,10,15,Recreation_Run
16,79,2,10,15,Recreation_Run
16,104,1,10,15,Recreation_Run
17,2,2,10,15,Recreation_Run
17,8,2,10,15,Recreation_Run
17,25,1,10,15,Recreation_Run
17,48,2,10,15,Recreation_Run
17,95,1,10,15,Recreation_Run
17,103,4,10,15,Recreation_Run
17,105,5,10,15,Recreation_Run
18,32,1,10,15,Recreation_Run
18,54,2,10,15,Recreation_Run
18,56,2,10,15,Recreation_Run
18,64,3,10,15,Recreation_Run
18,66,3,10,15,Recreation_Run
18,78,4,10,15,Recreation_Run
19,8,2,10,15,Recreation_Run
19,9,1,10,15,Recreation_Run
19,51,5,10,15,Recreation_Run
19,65,3,10,15,Recreation_Run
19,70,3,10,15,Recreation_Run
19,71,1,10,15,Recreation_Run
19,74,1,10,15,Recreation_Run
19,81,3,10,15,Recreation_Run
20,1,2,10,15,Recreation_Run
20,24,1,10,15,Recreation_Run
20,46,2,10,15,Recreation_Run
20,74,3,10,15,Recreation_Run
20,93,2,10,15,Recreation_Run
20,97,5,10,15,Recreation_Run
20,102,2,10,15,Recreation_Run
20,109,2,10,15,Recreation_Run
21,11,1,10,15,Recreation_Run
21,12,5,10,15,Recreation_Run
21,15,1,10,15,Recreation_Run
21,20,5,10,15,Recreation_Run
21,27,3,10,15,Recreation_Run
21,47,2,10,15,Recreation_Run
21,74,2,10,15,Recreation_Run
22,11,4,10,15,Recreation_Run
22,16,3,10,15,Recreation_Run
22,38,3,10,15,Recreation_Run
22,58,1,10,15,Recreation_Run
22,82,2,10,15,Recreation_Run
22,89,2,10,15,Recreation_Run
23,2,1,10,15,Recreation_Run
23,31,1,10,15,Recreation_Run
23,36,1,10,15,Recreation_Run
23,38,2,10,15,Recreation_Run
23,54,1,10,15,Recreation_Run
23,58,1,10,15,Recreation_Run
23,89,1,10,15,Recreation_Run
23,106,1,10,15,Recreation_Run
24,29,1,10,15,Recreation_Run
24,37,1,10,15,Recreation_Run
24,110,1,10,15,Recreation_Run
25,27,1,10,15,Recreation_Run
25,41,1,10,15,Recreation_Run
,,,,,
"datasets/ontologies/model(BigModel(toOntology).csv 16).ttl",,,,,
Layer,node,Number of connected classes,Number of classes total,csv row,pruning type
0,52,1,10,16,Recreation_Run
0,91,1,10,16,Recreation_Run
1,70,1,10,16,Recreation_Run
1,89,1,10,16,Recreation_Run
1,96,2,10,16,Recreation_Run
2,41,1,10,16,Recreation_Run
2,42,1,10,16,Recreation_Run
2,58,1,10,16,Recreation_Run
2,67,1,10,16,Recreation_Run
3,62,1,10,16,Recreation_Run
3,73,1,10,16,Recreation_Run
4,45,1,10,16,Recreation_Run
4,100,6,10,16,Recreation_Run
5,21,2,10,16,Recreation_Run
5,22,1,10,16,Recreation_Run
5,27,1,10,16,Recreation_Run
5,28,8,10,16,Recreation_Run
6,11,2,10,16,Recreation_Run
6,23,7,10,16,Recreation_Run
6,98,9,10,16,Recreation_Run
7,33,10,10,16,Recreation_Run
7,98,10,10,16,Recreation_Run
8,55,1,10,16,Recreation_Run
8,69,9,10,16,Recreation_Run
8,95,10,10,16,Recreation_Run
9,15,9,10,16,Recreation_Run
9,20,1,10,16,Recreation_Run
9,38,10,10,16,Recreation_Run
10,51,10,10,16,Recreation_Run
10,97,10,10,16,Recreation_Run
11,3,10,10,16,Recreation_Run
11,79,10,10,16,Recreation_Run
12,16,10,10,16,Recreation_Run
12,20,9,10,16,Recreation_Run
12,92,1,10,16,Recreation_Run
13,24,10,10,16,Recreation_Run
13,80,10,10,16,Recreation_Run
14,94,10,10,16,Recreation_Run
14,96,10,10,16,Recreation_Run
15,3,10,10,16,Recreation_Run
15,52,10,10,16,Recreation_Run
16,16,10,10,16,Recreation_Run
16,98,10,10,16,Recreation_Run
17,26,10,10,16,Recreation_Run
17,74,1,10,16,Recreation_Run
17,107,1,10,16,Recreation_Run
18,0,1,10,16,Recreation_Run
18,25,10,10,16,Recreation_Run
19,42,9,10,16,Recreation_Run
19,64,10,10,16,Recreation_Run
20,10,8,10,16,Recreation_Run
20,23,10,10,16,Recreation_Run
21,26,5,10,16,Recreation_Run
21,45,1,10,16,Recreation_Run
21,48,9,10,16,Recreation_Run
22,13,1,10,16,Recreation_Run
22,26,1,10,16,Recreation_Run
22,76,7,10,16,Recreation_Run
23,39,5,10,16,Recreation_Run
23,43,5,10,16,Recreation_Run
23,69,1,10,16,Recreation_Run
24,21,5,10,16,Recreation_Run
24,29,1,10,16,Recreation_Run
24,52,7,10,16,Recreation_Run
25,71,1,10,16,Recreation_Run
25,89,1,10,16,Recreation_Run
25,93,1,10,16,Recreation_Run
26,6,1,10,16,Recreation_Run
,,,,,
"datasets/ontologies/model(BigModel(toOntology).csv 17).ttl",,,,,
Layer,node,Number of connected classes,Number of classes total,csv row,pruning type
0,32,3,10,17,Recreation_Run
0,35,3,10,17,Recreation_Run
0,79,1,10,17,Recreation_Run
0,86,3,10,17,Recreation_Run
1,31,1,10,17,Recreation_Run
1,47,1,10,17,Recreation_Run
1,62,1,10,17,Recreation_Run
1,63,1,10,17,Recreation_Run
1,87,8,10,17,Recreation_Run
2,10,2,10,17,Recreation_Run
2,16,2,10,17,Recreation_Run
2,17,1,10,17,Recreation_Run
2,37,4,10,17,Recreation_Run
2,47,8,10,17,Recreation_Run
2,78,1,10,17,Recreation_Run
2,92,1,10,17,Recreation_Run
3,9,7,10,17,Recreation_Run
3,31,4,10,17,Recreation_Run
3,38,1,10,17,Recreation_Run
3,72,3,10,17,Recreation_Run
4,11,3,10,17,Recreation_Run
4,81,3,10,17,Recreation_Run
4,83,7,10,17,Recreation_Run
4,90,7,10,17,Recreation_Run
5,59,2,10,17,Recreation_Run
5,88,3,10,17,Recreation_Run
5,91,7,10,17,Recreation_Run
6,0,7,10,17,Recreation_Run
6,36,2,10,17,Recreation_Run
6,45,7,10,17,Recreation_Run
6,95,1,10,17,Recreation_Run
7,6,1,10,17,Recreation_Run
7,14,8,10,17,Recreation_Run
7,41,1,10,17,Recreation_Run
7,54,7,10,17,Recreation_Run
8,2,8,10,17,Recreation_Run
8,64,2,10,17,Recreation_Run
8,79,1,10,17,Recreation_Run
8,93,7,10,17,Recreation_Run
9,1,8,10,17,Recreation_Run
9,5,8,10,17,Recreation_Run
9,40,1,10,17,Recreation_Run
10,4,2,10,17,Recreation_Run
10,12,3,10,17,Recreation_Run
10,31,7,10,17,Recreation_Run
10,62,7,10,17,Recreation_Run
10,82,1,10,17,Recreation_Run
11,11,2,10,17,Recreation_Run
11,55,1,10,17,Recreation_Run
11,73,8,10,17,Recreation_Run
11,93,7,10,17,Recreation_Run
12,13,2,10,17,Recreation_Run
12,52,1,10,17,Recreation_Run
12,69,7,10,17,Recreation_Run
12,70,8,10,17,Recreation_Run
13,49,2,10,17,Recreation_Run
13,75,8,10,17,Recreation_Run
13,83,8,10,17,Recreation_Run
14,59,1,10,17,Recreation_Run
14,65,9,10,17,Recreation_Run
14,81,7,10,17,Recreation_Run
14,92,1,10,17,Recreation_Run
15,53,9,10,17,Recreation_Run
16,41,8,10,17,Recreation_Run
16,104,9,10,17,Recreation_Run
17,6,1,10,17,Recreation_Run
17,12,9,10,17,Recreation_Run
17,68,9,10,17,Recreation_Run
18,10,1,10,17,Recreation_Run
18,51,9,10,17,Recreation_Run
18,67,1,10,17,Recreation_Run
19,54,1,10,17,Recreation_Run
19,89,8,10,17,Recreation_Run
20,17,1,10,17,Recreation_Run
20,39,7,10,17,Recreation_Run
20,40,1,10,17,Recreation_Run
20,91,1,10,17,Recreation_Run
21,46,1,10,17,Recreation_Run
21,58,1,10,17,Recreation_Run
21,59,9,10,17,Recreation_Run
21,76,3,10,17,Recreation_Run
21,100,1,10,17,Recreation_Run
22,3,3,10,17,Recreation_Run
22,36,6,10,17,Recreation_Run
22,65,2,10,17,Recreation_Run
22,87,1,10,17,Recreation_Run
22,96,3,10,17,Recreation_Run
23,17,1,10,17,Recreation_Run
23,49,1,10,17,Recreation_Run
23,61,1,10,17,Recreation_Run
23,69,1,10,17,Recreation_Run
23,71,1,10,17,Recreation_Run
23,92,5,10,17,Recreation_Run
23,104,1,10,17,Recreation_Run
24,5,2,10,17,Recreation_Run
24,12,3,10,17,Recreation_Run
24,48,1,10,17,Recreation_Run
24,66,1,10,17,Recreation_Run
25,26,1,10,17,Recreation_Run
25,62,1,10,17,Recreation_Run
26,49,1,10,17,Recreation_Run
,,,,,
"datasets/ontologies/model(BigModel(toOntology).csv 18).ttl",,,,,
Layer,node,Number of connected classes,Number of classes total,csv row,pruning type
0,4,5,10,18,iterative_full_theseus_training|iterative_full_theseus
0,14,1,10,18,iterative_full_theseus_training|iterative_full_theseus
0,20,1,10,18,iterative_full_theseus_training|iterative_full_theseus
0,34,1,10,18,iterative_full_theseus_training|iterative_full_theseus
0,39,2,10,18,iterative_full_theseus_training|iterative_full_theseus
0,61,1,10,18,iterative_full_theseus_training|iterative_full_theseus
0,80,6,10,18,iterative_full_theseus_training|iterative_full_theseus
1,19,1,10,18,iterative_full_theseus_training|iterative_full_theseus
1,38,4,10,18,iterative_full_theseus_training|iterative_full_theseus
1,45,5,10,18,iterative_full_theseus_training|iterative_full_theseus
1,61,7,10,18,iterative_full_theseus_training|iterative_full_theseus
1,63,1,10,18,iterative_full_theseus_training|iterative_full_theseus
2,0,7,10,18,iterative_full_theseus_training|iterative_full_theseus
2,2,1,10,18,iterative_full_theseus_training|iterative_full_theseus
2,41,1,10,18,iterative_full_theseus_training|iterative_full_theseus
2,42,3,10,18,iterative_full_theseus_training|iterative_full_theseus
2,81,1,10,18,iterative_full_theseus_training|iterative_full_theseus
2,84,1,10,18,iterative_full_theseus_training|iterative_full_theseus
3,16,6,10,18,iterative_full_theseus_training|iterative_full_theseus
3,23,1,10,18,iterative_full_theseus_training|iterative_full_theseus
3,40,1,10,18,iterative_full_theseus_training|iterative_full_theseus
3,62,1,10,18,iterative_full_theseus_training|iterative_full_theseus
3,86,9,10,18,iterative_full_theseus_training|iterative_full_theseus
4,44,9,10,18,iterative_full_theseus_training|iterative_full_theseus
4,45,1,10,18,iterative_full_theseus_training|iterative_full_theseus
4,49,1,10,18,iterative_full_theseus_training|iterative_full_theseus
4,56,4,10,18,iterative_full_theseus_training|iterative_full_theseus
4,72,4,10,18,iterative_full_theseus_training|iterative_full_theseus
4,75,1,10,18,iterative_full_theseus_training|iterative_full_theseus
5,22,4,10,18,iterative_full_theseus_training|iterative_full_theseus
5,55,1,10,18,iterative_full_theseus_training|iterative_full_theseus
5,79,9,10,18,iterative_full_theseus_training|iterative_full_theseus
5,80,1,10,18,iterative_full_theseus_training|iterative_full_theseus
5,96,3,10,18,iterative_full_theseus_training|iterative_full_theseus
5,97,2,10,18,iterative_full_theseus_training|iterative_full_theseus
6,26,9,10,18,iterative_full_theseus_training|iterative_full_theseus
6,47,1,10,18,iterative_full_theseus_training|iterative_full_theseus
6,51,4,10,18,iterative_full_theseus_training|iterative_full_theseus
6,57,3,10,18,iterative_full_theseus_training|iterative_full_theseus
6,71,1,10,18,iterative_full_theseus_training|iterative_full_theseus
6,78,1,10,18,iterative_full_theseus_training|iterative_full_theseus
7,47,1,10,18,iterative_full_theseus_training|iterative_full_theseus
7,67,8,10,18,iterative_full_theseus_training|iterative_full_theseus
7,101,2,10,18,iterative_full_theseus_training|iterative_full_theseus
8,36,9,10,18,iterative_full_theseus_training|iterative_full_theseus
8,81,2,10,18,iterative_full_theseus_training|iterative_full_theseus
8,97,1,10,18,iterative_full_theseus_training|iterative_full_theseus
9,8,3,10,18,iterative_full_theseus_training|iterative_full_theseus
9,47,10,10,18,iterative_full_theseus_training|iterative_full_theseus
9,103,3,10,18,iterative_full_theseus_training|iterative_full_theseus
10,85,10,10,18,iterative_full_theseus_training|iterative_full_theseus
10,100,10,10,18,iterative_full_theseus_training|iterative_full_theseus
11,15,10,10,18,iterative_full_theseus_training|iterative_full_theseus
11,66,10,10,18,iterative_full_theseus_training|iterative_full_theseus
12,12,3,10,18,iterative_full_theseus_training|iterative_full_theseus
12,22,10,10,18,iterative_full_theseus_training|iterative_full_theseus
12,60,7,10,18,iterative_full_theseus_training|iterative_full_theseus
13,3,10,10,18,iterative_full_theseus_training|iterative_full_theseus
14,48,1,10,18,iterative_full_theseus_training|iterative_full_theseus
14,64,5,10,18,iterative_full_theseus_training|iterative_full_theseus
15,3,1,10,18,iterative_full_theseus_training|iterative_full_theseus
15,20,10,10,18,iterative_full_theseus_training|iterative_full_theseus
16,7,9,10,18,iterative_full_theseus_training|iterative_full_theseus
16,24,1,10,18,iterative_full_theseus_training|iterative_full_theseus
16,50,10,10,18,iterative_full_theseus_training|iterative_full_theseus
17,27,2,10,18,iterative_full_theseus_training|iterative_full_theseus
17,31,6,10,18,iterative_full_theseus_training|iterative_full_theseus
17,68,1,10,18,iterative_full_theseus_training|iterative_full_theseus
17,83,9,10,18,iterative_full_theseus_training|iterative_full_theseus
17,85,2,10,18,iterative_full_theseus_training|iterative_full_theseus
18,7,6,10,18,iterative_full_theseus_training|iterative_full_theseus
18,12,2,10,18,iterative_full_theseus_training|iterative_full_theseus
18,23,8,10,18,iterative_full_theseus_training|iterative_full_theseus
18,46,1,10,18,iterative_full_theseus_training|iterative_full_theseus
18,60,1,10,18,iterative_full_theseus_training|iterative_full_theseus
18,79,1,10,18,iterative_full_theseus_training|iterative_full_theseus
19,14,1,10,18,iterative_full_theseus_training|iterative_full_theseus
19,52,2,10,18,iterative_full_theseus_training|iterative_full_theseus
19,74,6,10,18,iterative_full_theseus_training|iterative_full_theseus
19,91,1,10,18,iterative_full_theseus_training|iterative_full_theseus
19,95,8,10,18,iterative_full_theseus_training|iterative_full_theseus
19,104,1,10,18,iterative_full_theseus_training|iterative_full_theseus
20,19,1,10,18,iterative_full_theseus_training|iterative_full_theseus
20,63,1,10,18,iterative_full_theseus_training|iterative_full_theseus
20,64,2,10,18,iterative_full_theseus_training|iterative_full_theseus
20,71,2,10,18,iterative_full_theseus_training|iterative_full_theseus
20,75,1,10,18,iterative_full_theseus_training|iterative_full_theseus
20,81,4,10,18,iterative_full_theseus_training|iterative_full_theseus
20,83,2,10,18,iterative_full_theseus_training|iterative_full_theseus
21,4,3,10,18,iterative_full_theseus_training|iterative_full_theseus
21,18,1,10,18,iterative_full_theseus_training|iterative_full_theseus
21,23,4,10,18,iterative_full_theseus_training|iterative_full_theseus
21,34,3,10,18,iterative_full_theseus_training|iterative_full_theseus
21,35,1,10,18,iterative_full_theseus_training|iterative_full_theseus
21,61,2,10,18,iterative_full_theseus_training|iterative_full_theseus
21,64,1,10,18,iterative_full_theseus_training|iterative_full_theseus
21,98,1,10,18,iterative_full_theseus_training|iterative_full_theseus
21,101,1,10,18,iterative_full_theseus_training|iterative_full_theseus
22,3,3,10,18,iterative_full_theseus_training|iterative_full_theseus
22,50,1,10,18,iterative_full_theseus_training|iterative_full_theseus
22,54,1,10,18,iterative_full_theseus_training|iterative_full_theseus
22,76,1,10,18,iterative_full_theseus_training|iterative_full_theseus
22,110,1,10,18,iterative_full_theseus_training|iterative_full_theseus
23,61,1,10,18,iterative_full_theseus_training|iterative_full_theseus
23,65,1,10,18,iterative_full_theseus_training|iterative_full_theseus
23,88,2,10,18,iterative_full_theseus_training|iterative_full_theseus
23,105,1,10,18,iterative_full_theseus_training|iterative_full_theseus
24,13,1,10,18,iterative_full_theseus_training|iterative_full_theseus
24,29,1,10,18,iterative_full_theseus_training|iterative_full_theseus
24,40,1,10,18,iterative_full_theseus_training|iterative_full_theseus
24,64,1,10,18,iterative_full_theseus_training|iterative_full_theseus
25,59,4,10,18,iterative_full_theseus_training|iterative_full_theseus
26,85,2,10,18,iterative_full_theseus_training|iterative_full_theseus
,,,,,
"datasets/ontologies/model(BigModel(toOntology).csv 19).ttl",,,,,
Layer,node,Number of connected classes,Number of classes total,csv row,pruning type
0,29,1,10,19,ADMM_Joint
1,12,1,10,19,ADMM_Joint
1,41,2,10,19,ADMM_Joint
1,69,1,10,19,ADMM_Joint
1,70,3,10,19,ADMM_Joint
1,90,2,10,19,ADMM_Joint
1,95,1,10,19,ADMM_Joint
2,69,1,10,19,ADMM_Joint
2,94,6,10,19,ADMM_Joint
2,116,1,10,19,ADMM_Joint
3,99,2,10,19,ADMM_Joint
3,100,1,10,19,ADMM_Joint
3,137,2,10,19,ADMM_Joint
4,62,2,10,19,ADMM_Joint
4,109,2,10,19,ADMM_Joint
5,108,2,10,19,ADMM_Joint
6,40,9,10,19,ADMM_Joint
6,68,1,10,19,ADMM_Joint
6,104,8,10,19,ADMM_Joint
6,113,2,10,19,ADMM_Joint
7,41,8,10,19,ADMM_Joint
7,62,2,10,19,ADMM_Joint
7,81,10,10,19,ADMM_Joint
8,86,10,10,19,ADMM_Joint
8,132,10,10,19,ADMM_Joint
9,9,10,10,19,ADMM_Joint
9,35,10,10,19,ADMM_Joint
10,32,10,10,19,ADMM_Joint
10,105,10,10,19,ADMM_Joint
11,45,10,10,19,ADMM_Joint
11,168,10,10,19,ADMM_Joint
12,59,10,10,19,ADMM_Joint
12,120,10,10,19,ADMM_Joint
13,23,10,10,19,ADMM_Joint
13,58,10,10,19,ADMM_Joint
14,112,10,10,19,ADMM_Joint
14,182,10,10,19,ADMM_Joint
15,4,10,10,19,ADMM_Joint
15,43,10,10,19,ADMM_Joint
16,131,10,10,19,ADMM_Joint
16,138,10,10,19,ADMM_Joint
17,14,10,10,19,ADMM_Joint
17,166,10,10,19,ADMM_Joint
18,40,10,10,19,ADMM_Joint
18,93,10,10,19,ADMM_Joint
19,108,10,10,19,ADMM_Joint
19,178,10,10,19,ADMM_Joint
20,151,10,10,19,ADMM_Joint
21,119,10,10,19,ADMM_Joint
21,189,10,10,19,ADMM_Joint
22,105,10,10,19,ADMM_Joint
23,64,1,10,19,ADMM_Joint
23,90,7,10,19,ADMM_Joint
23,154,3,10,19,ADMM_Joint
24,127,1,10,19,ADMM_Joint
24,190,1,10,19,ADMM_Joint
25,70,3,10,19,ADMM_Joint
25,100,1,10,19,ADMM_Joint
25,106,1,10,19,ADMM_Joint
26,50,1,10,19,ADMM_Joint
26,81,1,10,19,ADMM_Joint
,,,,,
"datasets/ontologies/model(BigModel(toOntology).csv 20).ttl",,,,,
Layer,node,Number of connected classes,Number of classes total,csv row,pruning type
0,80,2,10,20,ADMM_Joint
1,31,2,10,20,ADMM_Joint
1,32,1,10,20,ADMM_Joint
1,54,1,10,20,ADMM_Joint
1,68,5,10,20,ADMM_Joint
1,173,2,10,20,ADMM_Joint
2,19,2,10,20,ADMM_Joint
2,43,4,10,20,ADMM_Joint
2,59,1,10,20,ADMM_Joint
2,65,1,10,20,ADMM_Joint
2,135,8,10,20,ADMM_Joint
3,33,2,10,20,ADMM_Joint
4,66,5,10,20,ADMM_Joint
5,142,7,10,20,ADMM_Joint
5,144,10,10,20,ADMM_Joint
6,4,10,10,20,ADMM_Joint
6,107,10,10,20,ADMM_Joint
7,64,9,10,20,ADMM_Joint
7,81,10,10,20,ADMM_Joint
8,27,10,10,20,ADMM_Joint
8,129,10,10,20,ADMM_Joint
9,129,10,10,20,ADMM_Joint
9,144,9,10,20,ADMM_Joint
10,101,10,10,20,ADMM_Joint
11,39,10,10,20,ADMM_Joint
11,72,10,10,20,ADMM_Joint
12,89,10,10,20,ADMM_Joint
12,146,10,10,20,ADMM_Joint
13,145,10,10,20,ADMM_Joint
13,183,10,10,20,ADMM_Joint
15,73,10,10,20,ADMM_Joint
15,145,10,10,20,ADMM_Joint
16,57,10,10,20,ADMM_Joint
16,103,1,10,20,ADMM_Joint
17,77,1,10,20,ADMM_Joint
17,173,1,10,20,ADMM_Joint
18,19,1,10,20,ADMM_Joint
18,22,1,10,20,ADMM_Joint
18,27,1,10,20,ADMM_Joint
18,38,1,10,20,ADMM_Joint
19,131,1,10,20,ADMM_Joint
19,132,8,10,20,ADMM_Joint
20,110,7,10,20,ADMM_Joint
20,141,1,10,20,ADMM_Joint
20,151,1,10,20,ADMM_Joint
20,182,2,10,20,ADMM_Joint
21,75,7,10,20,ADMM_Joint
21,133,1,10,20,ADMM_Joint
21,138,1,10,20,ADMM_Joint
21,181,1,10,20,ADMM_Joint
22,17,1,10,20,ADMM_Joint
22,68,1,10,20,ADMM_Joint
22,98,7,10,20,ADMM_Joint
22,132,6,10,20,ADMM_Joint
23,15,1,10,20,ADMM_Joint
23,28,1,10,20,ADMM_Joint
23,111,3,10,20,ADMM_Joint
23,117,1,10,20,ADMM_Joint
24,60,2,10,20,ADMM_Joint
25,25,1,10,20,ADMM_Joint
25,78,1,10,20,ADMM_Joint
25,132,1,10,20,ADMM_Joint
26,174,1,10,20,ADMM_Joint
,,,,,
"datasets/ontologies/model(BigModel(toOntology).csv 21).ttl",,,,,
Layer,node,Number of connected classes,Number of classes total,csv row,pruning type
0,122,6,10,21,ADMM_Joint
0,130,1,10,21,ADMM_Joint
1,0,2,10,21,ADMM_Joint
1,9,1,10,21,ADMM_Joint
1,15,1,10,21,ADMM_Joint
1,34,2,10,21,ADMM_Joint
1,57,1,10,21,ADMM_Joint
1,59,1,10,21,ADMM_Joint
1,79,3,10,21,ADMM_Joint
1,105,1,10,21,ADMM_Joint
1,113,1,10,21,ADMM_Joint
1,120,1,10,21,ADMM_Joint
1,162,1,10,21,ADMM_Joint
2,48,1,10,21,ADMM_Joint
2,55,5,10,21,ADMM_Joint
2,124,1,10,21,ADMM_Joint
3,91,1,10,21,ADMM_Joint
3,103,2,10,21,ADMM_Joint
4,120,1,10,21,ADMM_Joint
5,21,1,10,21,ADMM_Joint
5,64,10,10,21,ADMM_Joint
5,139,8,10,21,ADMM_Joint
5,172,1,10,21,ADMM_Joint
6,88,10,10,21,ADMM_Joint
6,168,10,10,21,ADMM_Joint
7,98,10,10,21,ADMM_Joint
7,124,10,10,21,ADMM_Joint
8,98,10,10,21,ADMM_Joint
8,141,10,10,21,ADMM_Joint
9,40,10,10,21,ADMM_Joint
9,102,10,10,21,ADMM_Joint
10,7,10,10,21,ADMM_Joint
10,16,10,10,21,ADMM_Joint
11,21,10,10,21,ADMM_Joint
11,76,10,10,21,ADMM_Joint
12,11,10,10,21,ADMM_Joint
12,144,10,10,21,ADMM_Joint
13,55,10,10,21,ADMM_Joint
13,87,10,10,21,ADMM_Joint
14,66,10,10,21,ADMM_Joint
14,150,10,10,21,ADMM_Joint
15,52,10,10,21,ADMM_Joint
15,61,10,10,21,ADMM_Joint
16,6,10,10,21,ADMM_Joint
16,147,10,10,21,ADMM_Joint
17,160,10,10,21,ADMM_Joint
17,188,10,10,21,ADMM_Joint
18,123,10,10,21,ADMM_Joint
18,186,10,10,21,ADMM_Joint
19,80,10,10,21,ADMM_Joint
19,93,10,10,21,ADMM_Joint
20,100,10,10,21,ADMM_Joint
20,192,10,10,21,ADMM_Joint
21,133,10,10,21,ADMM_Joint
21,151,10,10,21,ADMM_Joint
22,1,1,10,21,ADMM_Joint
22,32,7,10,21,ADMM_Joint
22,120,6,10,21,ADMM_Joint
23,68,2,10,21,ADMM_Joint
23,79,8,10,21,ADMM_Joint
24,71,1,10,21,ADMM_Joint
24,166,1,10,21,ADMM_Joint
24,180,1,10,21,ADMM_Joint
25,129,1,10,21,ADMM_Joint
,,,,,
"datasets/ontologies/model(BigModel(toOntology).csv 22).ttl",,,,,
Layer,node,Number of connected classes,Number of classes total,csv row,pruning type
0,63,1,10,22,iterative_full_theseus_training|iterative_full_theseus
1,59,4,10,22,iterative_full_theseus_training|iterative_full_theseus
1,80,1,10,22,iterative_full_theseus_training|iterative_full_theseus
1,83,5,10,22,iterative_full_theseus_training|iterative_full_theseus
1,92,1,10,22,iterative_full_theseus_training|iterative_full_theseus
1,96,6,10,22,iterative_full_theseus_training|iterative_full_theseus
2,4,1,10,22,iterative_full_theseus_training|iterative_full_theseus
2,8,1,10,22,iterative_full_theseus_training|iterative_full_theseus
2,15,1,10,22,iterative_full_theseus_training|iterative_full_theseus
2,51,5,10,22,iterative_full_theseus_training|iterative_full_theseus
2,59,1,10,22,iterative_full_theseus_training|iterative_full_theseus
2,74,2,10,22,iterative_full_theseus_training|iterative_full_theseus
2,75,1,10,22,iterative_full_theseus_training|iterative_full_theseus
3,1,1,10,22,iterative_full_theseus_training|iterative_full_theseus
3,24,1,10,22,iterative_full_theseus_training|iterative_full_theseus
3,29,5,10,22,iterative_full_theseus_training|iterative_full_theseus
3,46,6,10,22,iterative_full_theseus_training|iterative_full_theseus
3,75,1,10,22,iterative_full_theseus_training|iterative_full_theseus
4,41,1,10,22,iterative_full_theseus_training|iterative_full_theseus
4,47,1,10,22,iterative_full_theseus_training|iterative_full_theseus
4,53,4,10,22,iterative_full_theseus_training|iterative_full_theseus
4,66,1,10,22,iterative_full_theseus_training|iterative_full_theseus
4,86,5,10,22,iterative_full_theseus_training|iterative_full_theseus
5,56,6,10,22,iterative_full_theseus_training|iterative_full_theseus
5,63,3,10,22,iterative_full_theseus_training|iterative_full_theseus
5,81,1,10,22,iterative_full_theseus_training|iterative_full_theseus
6,3,1,10,22,iterative_full_theseus_training|iterative_full_theseus
6,6,10,10,22,iterative_full_theseus_training|iterative_full_theseus
6,79,9,10,22,iterative_full_theseus_training|iterative_full_theseus
7,10,1,10,22,iterative_full_theseus_training|iterative_full_theseus
7,88,9,10,22,iterative_full_theseus_training|iterative_full_theseus
9,13,10,10,22,iterative_full_theseus_training|iterative_full_theseus
9,96,10,10,22,iterative_full_theseus_training|iterative_full_theseus
10,57,10,10,22,iterative_full_theseus_training|iterative_full_theseus
10,69,10,10,22,iterative_full_theseus_training|iterative_full_theseus
11,96,10,10,22,iterative_full_theseus_training|iterative_full_theseus
11,104,10,10,22,iterative_full_theseus_training|iterative_full_theseus
14,44,10,10,22,iterative_full_theseus_training|iterative_full_theseus
15,41,10,10,22,iterative_full_theseus_training|iterative_full_theseus
16,35,10,10,22,iterative_full_theseus_training|iterative_full_theseus
16,43,10,10,22,iterative_full_theseus_training|iterative_full_theseus
17,11,10,10,22,iterative_full_theseus_training|iterative_full_theseus
17,95,10,10,22,iterative_full_theseus_training|iterative_full_theseus
18,39,10,10,22,iterative_full_theseus_training|iterative_full_theseus
20,85,7,10,22,iterative_full_theseus_training|iterative_full_theseus
22,4,7,10,22,iterative_full_theseus_training|iterative_full_theseus
22,16,7,10,22,iterative_full_theseus_training|iterative_full_theseus
23,24,2,10,22,iterative_full_theseus_training|iterative_full_theseus
23,43,3,10,22,iterative_full_theseus_training|iterative_full_theseus
23,54,2,10,22,iterative_full_theseus_training|iterative_full_theseus
24,1,1,10,22,iterative_full_theseus_training|iterative_full_theseus
24,77,1,10,22,iterative_full_theseus_training|iterative_full_theseus
25,92,1,10,22,iterative_full_theseus_training|iterative_full_theseus
26,48,1,10,22,iterative_full_theseus_training|iterative_full_theseus
26,78,1,10,22,iterative_full_theseus_training|iterative_full_theseus
26,90,1,10,22,iterative_full_theseus_training|iterative_full_theseus
,,,,,
"datasets/ontologies/model(BigModel(toOntology).csv 24).ttl",,,,,
Layer,node,Number of connected classes,Number of classes total,csv row,pruning type
0,0,1,10,24,iterative_full_theseus_training|iterative_full_theseus
0,12,1,10,24,iterative_full_theseus_training|iterative_full_theseus
0,15,2,10,24,iterative_full_theseus_training|iterative_full_theseus
0,22,6,10,24,iterative_full_theseus_training|iterative_full_theseus
0,49,8,10,24,iterative_full_theseus_training|iterative_full_theseus
1,5,1,10,24,iterative_full_theseus_training|iterative_full_theseus
1,16,1,10,24,iterative_full_theseus_training|iterative_full_theseus
1,35,1,10,24,iterative_full_theseus_training|iterative_full_theseus
1,44,6,10,24,iterative_full_theseus_training|iterative_full_theseus
1,46,1,10,24,iterative_full_theseus_training|iterative_full_theseus
1,60,9,10,24,iterative_full_theseus_training|iterative_full_theseus
2,1,2,10,24,iterative_full_theseus_training|iterative_full_theseus
2,16,1,10,24,iterative_full_theseus_training|iterative_full_theseus
2,33,2,10,24,iterative_full_theseus_training|iterative_full_theseus
2,88,7,10,24,iterative_full_theseus_training|iterative_full_theseus
3,24,5,10,24,iterative_full_theseus_training|iterative_full_theseus
3,52,1,10,24,iterative_full_theseus_training|iterative_full_theseus
3,86,1,10,24,iterative_full_theseus_training|iterative_full_theseus
3,92,6,10,24,iterative_full_theseus_training|iterative_full_theseus
3,94,4,10,24,iterative_full_theseus_training|iterative_full_theseus
4,8,2,10,24,iterative_full_theseus_training|iterative_full_theseus
4,29,7,10,24,iterative_full_theseus_training|iterative_full_theseus
4,47,4,10,24,iterative_full_theseus_training|iterative_full_theseus
4,65,6,10,24,iterative_full_theseus_training|iterative_full_theseus
5,33,5,10,24,iterative_full_theseus_training|iterative_full_theseus
5,40,4,10,24,iterative_full_theseus_training|iterative_full_theseus
5,53,3,10,24,iterative_full_theseus_training|iterative_full_theseus
6,22,1,10,24,iterative_full_theseus_training|iterative_full_theseus
6,47,1,10,24,iterative_full_theseus_training|iterative_full_theseus
6,70,5,10,24,iterative_full_theseus_training|iterative_full_theseus
7,14,6,10,24,iterative_full_theseus_training|iterative_full_theseus
7,72,3,10,24,iterative_full_theseus_training|iterative_full_theseus
7,93,1,10,24,iterative_full_theseus_training|iterative_full_theseus
8,36,6,10,24,iterative_full_theseus_training|iterative_full_theseus
8,58,3,10,24,iterative_full_theseus_training|iterative_full_theseus
8,60,2,10,24,iterative_full_theseus_training|iterative_full_theseus
8,77,9,10,24,iterative_full_theseus_training|iterative_full_theseus
9,18,4,10,24,iterative_full_theseus_training|iterative_full_theseus
9,36,9,10,24,iterative_full_theseus_training|iterative_full_theseus
10,6,4,10,24,iterative_full_theseus_training|iterative_full_theseus
10,19,1,10,24,iterative_full_theseus_training|iterative_full_theseus
10,65,1,10,24,iterative_full_theseus_training|iterative_full_theseus
10,96,4,10,24,iterative_full_theseus_training|iterative_full_theseus
10,98,10,10,24,iterative_full_theseus_training|iterative_full_theseus
11,29,3,10,24,iterative_full_theseus_training|iterative_full_theseus
11,40,9,10,24,iterative_full_theseus_training|iterative_full_theseus
11,80,4,10,24,iterative_full_theseus_training|iterative_full_theseus
12,18,1,10,24,iterative_full_theseus_training|iterative_full_theseus
12,26,3,10,24,iterative_full_theseus_training|iterative_full_theseus
12,42,5,10,24,iterative_full_theseus_training|iterative_full_theseus
12,57,9,10,24,iterative_full_theseus_training|iterative_full_theseus
12,84,1,10,24,iterative_full_theseus_training|iterative_full_theseus
12,94,1,10,24,iterative_full_theseus_training|iterative_full_theseus
13,94,1,10,24,iterative_full_theseus_training|iterative_full_theseus
13,103,9,10,24,iterative_full_theseus_training|iterative_full_theseus
14,15,10,10,24,iterative_full_theseus_training|iterative_full_theseus
14,102,9,10,24,iterative_full_theseus_training|iterative_full_theseus
15,1,1,10,24,iterative_full_theseus_training|iterative_full_theseus
15,29,8,10,24,iterative_full_theseus_training|iterative_full_theseus
15,96,10,10,24,iterative_full_theseus_training|iterative_full_theseus
15,98,1,10,24,iterative_full_theseus_training|iterative_full_theseus
16,22,9,10,24,iterative_full_theseus_training|iterative_full_theseus
16,28,1,10,24,iterative_full_theseus_training|iterative_full_theseus
16,32,1,10,24,iterative_full_theseus_training|iterative_full_theseus
16,91,9,10,24,iterative_full_theseus_training|iterative_full_theseus
17,5,2,10,24,iterative_full_theseus_training|iterative_full_theseus
17,31,2,10,24,iterative_full_theseus_training|iterative_full_theseus
17,33,1,10,24,iterative_full_theseus_training|iterative_full_theseus
17,82,7,10,24,iterative_full_theseus_training|iterative_full_theseus
17,103,1,10,24,iterative_full_theseus_training|iterative_full_theseus
18,3,5,10,24,iterative_full_theseus_training|iterative_full_theseus
18,10,1,10,24,iterative_full_theseus_training|iterative_full_theseus
18,15,1,10,24,iterative_full_theseus_training|iterative_full_theseus
18,19,2,10,24,iterative_full_theseus_training|iterative_full_theseus
18,37,3,10,24,iterative_full_theseus_training|iterative_full_theseus
18,38,1,10,24,iterative_full_theseus_training|iterative_full_theseus
19,3,3,10,24,iterative_full_theseus_training|iterative_full_theseus
19,11,8,10,24,iterative_full_theseus_training|iterative_full_theseus
19,20,1,10,24,iterative_full_theseus_training|iterative_full_theseus
19,24,2,10,24,iterative_full_theseus_training|iterative_full_theseus
19,35,5,10,24,iterative_full_theseus_training|iterative_full_theseus
19,55,1,10,24,iterative_full_theseus_training|iterative_full_theseus
20,21,1,10,24,iterative_full_theseus_training|iterative_full_theseus
20,74,1,10,24,iterative_full_theseus_training|iterative_full_theseus
20,75,1,10,24,iterative_full_theseus_training|iterative_full_theseus
20,96,2,10,24,iterative_full_theseus_training|iterative_full_theseus
20,98,3,10,24,iterative_full_theseus_training|iterative_full_theseus
21,19,1,10,24,iterative_full_theseus_training|iterative_full_theseus
21,37,2,10,24,iterative_full_theseus_training|iterative_full_theseus
21,51,2,10,24,iterative_full_theseus_training|iterative_full_theseus
21,66,1,10,24,iterative_full_theseus_training|iterative_full_theseus
21,81,2,10,24,iterative_full_theseus_training|iterative_full_theseus
21,99,2,10,24,iterative_full_theseus_training|iterative_full_theseus
22,49,1,10,24,iterative_full_theseus_training|iterative_full_theseus
22,53,1,10,24,iterative_full_theseus_training|iterative_full_theseus
22,87,4,10,24,iterative_full_theseus_training|iterative_full_theseus
23,18,3,10,24,iterative_full_theseus_training|iterative_full_theseus
23,46,1,10,24,iterative_full_theseus_training|iterative_full_theseus
23,105,1,10,24,iterative_full_theseus_training|iterative_full_theseus
23,110,1,10,24,iterative_full_theseus_training|iterative_full_theseus
24,23,2,10,24,iterative_full_theseus_training|iterative_full_theseus
24,31,2,10,24,iterative_full_theseus_training|iterative_full_theseus
24,55,1,10,24,iterative_full_theseus_training|iterative_full_theseus
24,58,1,10,24,iterative_full_theseus_training|iterative_full_theseus
24,93,1,10,24,iterative_full_theseus_training|iterative_full_theseus
25,112,1,10,24,iterative_full_theseus_training|iterative_full_theseus
26,28,1,10,24,iterative_full_theseus_training|iterative_full_theseus
,,,,,
"datasets/ontologies/model(BigModel(toOntology).csv 32).ttl",,,,,
Layer,node,Number of connected classes,Number of classes total,csv row,pruning type
0,9,1,10,32,BERT_theseus_training|BERT_theseus
0,14,1,10,32,BERT_theseus_training|BERT_theseus
0,42,4,10,32,BERT_theseus_training|BERT_theseus
0,44,1,10,32,BERT_theseus_training|BERT_theseus
0,45,2,10,32,BERT_theseus_training|BERT_theseus
0,52,1,10,32,BERT_theseus_training|BERT_theseus
0,78,1,10,32,BERT_theseus_training|BERT_theseus
0,108,1,10,32,BERT_theseus_training|BERT_theseus
0,131,1,10,32,BERT_theseus_training|BERT_theseus
0,132,1,10,32,BERT_theseus_training|BERT_theseus
1,41,1,10,32,BERT_theseus_training|BERT_theseus
1,64,1,10,32,BERT_theseus_training|BERT_theseus
1,86,1,10,32,BERT_theseus_training|BERT_theseus
1,111,2,10,32,BERT_theseus_training|BERT_theseus
1,137,2,10,32,BERT_theseus_training|BERT_theseus
1,154,4,10,32,BERT_theseus_training|BERT_theseus
1,162,5,10,32,BERT_theseus_training|BERT_theseus
1,164,3,10,32,BERT_theseus_training|BERT_theseus
2,5,1,10,32,BERT_theseus_training|BERT_theseus
2,38,1,10,32,BERT_theseus_training|BERT_theseus
2,93,1,10,32,BERT_theseus_training|BERT_theseus
2,97,1,10,32,BERT_theseus_training|BERT_theseus
2,146,1,10,32,BERT_theseus_training|BERT_theseus
3,2,1,10,32,BERT_theseus_training|BERT_theseus
3,23,1,10,32,BERT_theseus_training|BERT_theseus
3,68,1,10,32,BERT_theseus_training|BERT_theseus
3,69,5,10,32,BERT_theseus_training|BERT_theseus
3,92,1,10,32,BERT_theseus_training|BERT_theseus
3,161,1,10,32,BERT_theseus_training|BERT_theseus
4,6,8,10,32,BERT_theseus_training|BERT_theseus
4,58,1,10,32,BERT_theseus_training|BERT_theseus
4,142,6,10,32,BERT_theseus_training|BERT_theseus
4,170,1,10,32,BERT_theseus_training|BERT_theseus
5,21,2,10,32,BERT_theseus_training|BERT_theseus
5,96,7,10,32,BERT_theseus_training|BERT_theseus
5,147,1,10,32,BERT_theseus_training|BERT_theseus
6,23,7,10,32,BERT_theseus_training|BERT_theseus
6,100,1,10,32,BERT_theseus_training|BERT_theseus
6,160,1,10,32,BERT_theseus_training|BERT_theseus
6,166,8,10,32,BERT_theseus_training|BERT_theseus
7,25,7,10,32,BERT_theseus_training|BERT_theseus
7,47,2,10,32,BERT_theseus_training|BERT_theseus
7,121,1,10,32,BERT_theseus_training|BERT_theseus
7,151,1,10,32,BERT_theseus_training|BERT_theseus
8,9,1,10,32,BERT_theseus_training|BERT_theseus
9,78,2,10,32,BERT_theseus_training|BERT_theseus
9,143,1,10,32,BERT_theseus_training|BERT_theseus
10,66,1,10,32,BERT_theseus_training|BERT_theseus
,,,,,
"datasets/ontologies/model(BigModel(toOntology).csv 33).ttl",,,,,
Layer,node,Number of connected classes,Number of classes total,csv row,pruning type
0,9,2,10,33,BERT_theseus_training|BERT_theseus
0,24,6,10,33,BERT_theseus_training|BERT_theseus
0,26,3,10,33,BERT_theseus_training|BERT_theseus
0,43,2,10,33,BERT_theseus_training|BERT_theseus
0,49,1,10,33,BERT_theseus_training|BERT_theseus
0,54,1,10,33,BERT_theseus_training|BERT_theseus
0,64,1,10,33,BERT_theseus_training|BERT_theseus
0,92,1,10,33,BERT_theseus_training|BERT_theseus
0,147,1,10,33,BERT_theseus_training|BERT_theseus
0,168,1,10,33,BERT_theseus_training|BERT_theseus
1,11,1,10,33,BERT_theseus_training|BERT_theseus
1,16,1,10,33,BERT_theseus_training|BERT_theseus
1,21,3,10,33,BERT_theseus_training|BERT_theseus
1,36,1,10,33,BERT_theseus_training|BERT_theseus
1,47,1,10,33,BERT_theseus_training|BERT_theseus
1,92,1,10,33,BERT_theseus_training|BERT_theseus
1,108,4,10,33,BERT_theseus_training|BERT_theseus
2,79,7,10,33,BERT_theseus_training|BERT_theseus
2,130,1,10,33,BERT_theseus_training|BERT_theseus
2,140,8,10,33,BERT_theseus_training|BERT_theseus
2,173,1,10,33,BERT_theseus_training|BERT_theseus
3,31,1,10,33,BERT_theseus_training|BERT_theseus
3,65,2,10,33,BERT_theseus_training|BERT_theseus
3,94,1,10,33,BERT_theseus_training|BERT_theseus
3,101,1,10,33,BERT_theseus_training|BERT_theseus
3,111,1,10,33,BERT_theseus_training|BERT_theseus
3,124,1,10,33,BERT_theseus_training|BERT_theseus
3,175,2,10,33,BERT_theseus_training|BERT_theseus
4,53,1,10,33,BERT_theseus_training|BERT_theseus
4,64,1,10,33,BERT_theseus_training|BERT_theseus
4,115,2,10,33,BERT_theseus_training|BERT_theseus
4,127,8,10,33,BERT_theseus_training|BERT_theseus
4,170,1,10,33,BERT_theseus_training|BERT_theseus
5,53,6,10,33,BERT_theseus_training|BERT_theseus
5,57,2,10,33,BERT_theseus_training|BERT_theseus
5,65,1,10,33,BERT_theseus_training|BERT_theseus
5,77,1,10,33,BERT_theseus_training|BERT_theseus
5,102,1,10,33,BERT_theseus_training|BERT_theseus
5,154,1,10,33,BERT_theseus_training|BERT_theseus
5,169,1,10,33,BERT_theseus_training|BERT_theseus
6,2,1,10,33,BERT_theseus_training|BERT_theseus
6,80,3,10,33,BERT_theseus_training|BERT_theseus
6,90,5,10,33,BERT_theseus_training|BERT_theseus
6,119,4,10,33,BERT_theseus_training|BERT_theseus
6,156,1,10,33,BERT_theseus_training|BERT_theseus
7,54,1,10,33,BERT_theseus_training|BERT_theseus
7,67,3,10,33,BERT_theseus_training|BERT_theseus
7,146,6,10,33,BERT_theseus_training|BERT_theseus
7,169,1,10,33,BERT_theseus_training|BERT_theseus
8,36,1,10,33,BERT_theseus_training|BERT_theseus
9,59,4,10,33,BERT_theseus_training|BERT_theseus
9,135,1,10,33,BERT_theseus_training|BERT_theseus
10,187,2,10,33,BERT_theseus_training|BERT_theseus
10,189,1,10,33,BERT_theseus_training|BERT_theseus
11,140,2,10,33,BERT_theseus_training|BERT_theseus
13,79,1,10,33,BERT_theseus_training|BERT_theseus
,,,,,
"datasets/ontologies/model(BigModel(toOntology).csv 34).ttl",,,,,
Layer,node,Number of connected classes,Number of classes total,csv row,pruning type
0,29,4,10,34,BERT_theseus_training|BERT_theseus
0,35,2,10,34,BERT_theseus_training|BERT_theseus
0,47,1,10,34,BERT_theseus_training|BERT_theseus
0,48,1,10,34,BERT_theseus_training|BERT_theseus
0,66,1,10,34,BERT_theseus_training|BERT_theseus
0,106,1,10,34,BERT_theseus_training|BERT_theseus
0,126,6,10,34,BERT_theseus_training|BERT_theseus
0,138,1,10,34,BERT_theseus_training|BERT_theseus
0,146,1,10,34,BERT_theseus_training|BERT_theseus
1,5,3,10,34,BERT_theseus_training|BERT_theseus
1,9,1,10,34,BERT_theseus_training|BERT_theseus
1,23,1,10,34,BERT_theseus_training|BERT_theseus
1,46,1,10,34,BERT_theseus_training|BERT_theseus
1,82,1,10,34,BERT_theseus_training|BERT_theseus
1,88,1,10,34,BERT_theseus_training|BERT_theseus
1,149,1,10,34,BERT_theseus_training|BERT_theseus
1,174,1,10,34,BERT_theseus_training|BERT_theseus
2,24,1,10,34,BERT_theseus_training|BERT_theseus
2,41,1,10,34,BERT_theseus_training|BERT_theseus
2,56,1,10,34,BERT_theseus_training|BERT_theseus
2,61,3,10,34,BERT_theseus_training|BERT_theseus
2,69,3,10,34,BERT_theseus_training|BERT_theseus
2,99,1,10,34,BERT_theseus_training|BERT_theseus
2,105,1,10,34,BERT_theseus_training|BERT_theseus
2,113,7,10,34,BERT_theseus_training|BERT_theseus
2,136,1,10,34,BERT_theseus_training|BERT_theseus
3,12,3,10,34,BERT_theseus_training|BERT_theseus
3,14,1,10,34,BERT_theseus_training|BERT_theseus
3,55,4,10,34,BERT_theseus_training|BERT_theseus
3,86,3,10,34,BERT_theseus_training|BERT_theseus
3,95,1,10,34,BERT_theseus_training|BERT_theseus
3,114,2,10,34,BERT_theseus_training|BERT_theseus
3,143,1,10,34,BERT_theseus_training|BERT_theseus
3,156,1,10,34,BERT_theseus_training|BERT_theseus
3,162,1,10,34,BERT_theseus_training|BERT_theseus
3,176,3,10,34,BERT_theseus_training|BERT_theseus
4,34,1,10,34,BERT_theseus_training|BERT_theseus
4,37,3,10,34,BERT_theseus_training|BERT_theseus
4,82,1,10,34,BERT_theseus_training|BERT_theseus
4,128,1,10,34,BERT_theseus_training|BERT_theseus
5,74,1,10,34,BERT_theseus_training|BERT_theseus
5,126,8,10,34,BERT_theseus_training|BERT_theseus
5,142,1,10,34,BERT_theseus_training|BERT_theseus
6,78,1,10,34,BERT_theseus_training|BERT_theseus
6,117,8,10,34,BERT_theseus_training|BERT_theseus
6,151,1,10,34,BERT_theseus_training|BERT_theseus
7,60,1,10,34,BERT_theseus_training|BERT_theseus
7,132,1,10,34,BERT_theseus_training|BERT_theseus
7,176,5,10,34,BERT_theseus_training|BERT_theseus
8,110,3,10,34,BERT_theseus_training|BERT_theseus
9,161,2,10,34,BERT_theseus_training|BERT_theseus
10,37,1,10,34,BERT_theseus_training|BERT_theseus
10,113,2,10,34,BERT_theseus_training|BERT_theseus
,,,,,
"datasets/ontologies/model(BigModel(toOntology).csv 35).ttl",,,,,
Layer,node,Number of connected classes,Number of classes total,csv row,pruning type
22,108,1,10,35,DAIS_training|DAIS
22,117,1,10,35,DAIS_training|DAIS
,,,,,
"datasets/ontologies/model(BigModel(toOntology).csv 36).ttl",,,,,
Layer,node,Number of connected classes,Number of classes total,csv row,pruning type
24,187,1,10,36,DAIS_training|DAIS
,,,,,
"datasets/ontologies/model(BigModel(toOntology).csv 37).ttl",,,,,
Layer,node,Number of connected classes,Number of classes total,csv row,pruning type
,,,,,
"datasets/ontologies/random_model (0).ttl",,,,,
Layer,node,Number of connected classes,Number of classes total,csv row,pruning type
0,4,1,10,0,RandomConnections
0,11,1,10,0,RandomConnections
0,22,1,10,0,RandomConnections
0,42,1,10,0,RandomConnections
0,54,1,10,0,RandomConnections
0,68,1,10,0,RandomConnections
0,83,1,10,0,RandomConnections
0,91,1,10,0,RandomConnections
0,97,1,10,0,RandomConnections
0,105,1,10,0,RandomConnections
0,111,1,10,0,RandomConnections
0,115,1,10,0,RandomConnections
0,116,1,10,0,RandomConnections
0,126,1,10,0,RandomConnections
0,149,1,10,0,RandomConnections
0,152,1,10,0,RandomConnections
0,156,1,10,0,RandomConnections
0,158,1,10,0,RandomConnections
0,174,1,10,0,RandomConnections
1,27,1,10,0,RandomConnections
1,37,2,10,0,RandomConnections
1,77,1,10,0,RandomConnections
1,85,1,10,0,RandomConnections
1,89,2,10,0,RandomConnections
1,96,1,10,0,RandomConnections
1,105,1,10,0,RandomConnections
1,118,1,10,0,RandomConnections
1,129,1,10,0,RandomConnections
1,132,1,10,0,RandomConnections
1,147,1,10,0,RandomConnections
1,157,1,10,0,RandomConnections
1,164,1,10,0,RandomConnections
1,169,1,10,0,RandomConnections
2,7,1,10,0,RandomConnections
2,11,1,10,0,RandomConnections
2,24,1,10,0,RandomConnections
2,26,1,10,0,RandomConnections
2,36,1,10,0,RandomConnections
2,39,1,10,0,RandomConnections
2,52,1,10,0,RandomConnections
2,53,2,10,0,RandomConnections
2,59,1,10,0,RandomConnections
2,91,1,10,0,RandomConnections
2,100,1,10,0,RandomConnections
2,107,1,10,0,RandomConnections
2,133,1,10,0,RandomConnections
2,135,1,10,0,RandomConnections
2,161,1,10,0,RandomConnections
2,165,1,10,0,RandomConnections
2,170,1,10,0,RandomConnections
3,13,1,10,0,RandomConnections
3,22,1,10,0,RandomConnections
3,28,1,10,0,RandomConnections
3,36,1,10,0,RandomConnections
3,48,1,10,0,RandomConnections
3,70,1,10,0,RandomConnections
3,81,1,10,0,RandomConnections
3,91,1,10,0,RandomConnections
3,103,1,10,0,RandomConnections
3,113,1,10,0,RandomConnections
3,144,2,10,0,RandomConnections
3,152,1,10,0,RandomConnections
3,156,1,10,0,RandomConnections
3,158,1,10,0,RandomConnections
4,5,1,10,0,RandomConnections
4,15,1,10,0,RandomConnections
4,33,1,10,0,RandomConnections
4,51,1,10,0,RandomConnections
4,70,1,10,0,RandomConnections
4,71,1,10,0,RandomConnections
4,94,1,10,0,RandomConnections
4,95,1,10,0,RandomConnections
4,97,1,10,0,RandomConnections
4,100,1,10,0,RandomConnections
4,101,1,10,0,RandomConnections
4,105,1,10,0,RandomConnections
4,108,1,10,0,RandomConnections
4,114,1,10,0,RandomConnections
4,131,1,10,0,RandomConnections
4,134,1,10,0,RandomConnections
4,161,1,10,0,RandomConnections
5,12,1,10,0,RandomConnections
5,42,1,10,0,RandomConnections
5,55,1,10,0,RandomConnections
5,60,1,10,0,RandomConnections
5,65,1,10,0,RandomConnections
5,66,1,10,0,RandomConnections
5,80,1,10,0,RandomConnections
5,96,1,10,0,RandomConnections
5,101,1,10,0,RandomConnections
5,111,1,10,0,RandomConnections
5,113,1,10,0,RandomConnections
5,120,1,10,0,RandomConnections
5,135,1,10,0,RandomConnections
5,138,3,10,0,RandomConnections
5,141,1,10,0,RandomConnections
6,13,1,10,0,RandomConnections
6,25,1,10,0,RandomConnections
6,26,1,10,0,RandomConnections
6,30,1,10,0,RandomConnections
6,32,1,10,0,RandomConnections
6,40,1,10,0,RandomConnections
6,45,1,10,0,RandomConnections
6,48,1,10,0,RandomConnections
6,87,1,10,0,RandomConnections
6,94,1,10,0,RandomConnections
6,100,1,10,0,RandomConnections
6,120,1,10,0,RandomConnections
6,127,1,10,0,RandomConnections
6,135,1,10,0,RandomConnections
6,137,1,10,0,RandomConnections
6,139,1,10,0,RandomConnections
6,142,1,10,0,RandomConnections
6,154,1,10,0,RandomConnections
6,175,1,10,0,RandomConnections
7,1,1,10,0,RandomConnections
7,26,1,10,0,RandomConnections
7,40,1,10,0,RandomConnections
7,43,1,10,0,RandomConnections
7,59,1,10,0,RandomConnections
7,93,1,10,0,RandomConnections
7,95,1,10,0,RandomConnections
7,97,1,10,0,RandomConnections
7,101,1,10,0,RandomConnections
7,112,1,10,0,RandomConnections
7,137,1,10,0,RandomConnections
7,139,1,10,0,RandomConnections
7,140,1,10,0,RandomConnections
7,147,2,10,0,RandomConnections
7,154,1,10,0,RandomConnections
7,163,1,10,0,RandomConnections
7,171,1,10,0,RandomConnections
8,10,1,10,0,RandomConnections
8,28,1,10,0,RandomConnections
8,40,1,10,0,RandomConnections
8,49,1,10,0,RandomConnections
8,56,1,10,0,RandomConnections
8,57,1,10,0,RandomConnections
8,62,1,10,0,RandomConnections
8,72,1,10,0,RandomConnections
8,73,1,10,0,RandomConnections
8,89,1,10,0,RandomConnections
8,92,1,10,0,RandomConnections
8,103,1,10,0,RandomConnections
8,107,1,10,0,RandomConnections
8,130,1,10,0,RandomConnections
8,146,1,10,0,RandomConnections
8,150,1,10,0,RandomConnections
8,177,1,10,0,RandomConnections
8,179,1,10,0,RandomConnections
9,1,2,10,0,RandomConnections
9,5,1,10,0,RandomConnections
9,7,1,10,0,RandomConnections
9,13,1,10,0,RandomConnections
9,33,1,10,0,RandomConnections
9,34,1,10,0,RandomConnections
9,55,1,10,0,RandomConnections
9,57,1,10,0,RandomConnections
9,69,1,10,0,RandomConnections
9,89,1,10,0,RandomConnections
9,98,1,10,0,RandomConnections
9,111,1,10,0,RandomConnections
9,130,1,10,0,RandomConnections
9,133,1,10,0,RandomConnections
9,147,1,10,0,RandomConnections
9,176,1,10,0,RandomConnections
10,2,1,10,0,RandomConnections
10,31,1,10,0,RandomConnections
10,43,1,10,0,RandomConnections
10,62,1,10,0,RandomConnections
10,99,1,10,0,RandomConnections
10,114,1,10,0,RandomConnections
10,126,1,10,0,RandomConnections
10,161,1,10,0,RandomConnections
10,166,1,10,0,RandomConnections
10,173,1,10,0,RandomConnections
10,178,1,10,0,RandomConnections
10,182,1,10,0,RandomConnections
11,15,1,10,0,RandomConnections
11,59,2,10,0,RandomConnections
11,60,1,10,0,RandomConnections
11,74,1,10,0,RandomConnections
11,83,1,10,0,RandomConnections
11,88,1,10,0,RandomConnections
11,94,1,10,0,RandomConnections
11,116,1,10,0,RandomConnections
11,119,1,10,0,RandomConnections
11,130,1,10,0,RandomConnections
11,149,1,10,0,RandomConnections
11,171,1,10,0,RandomConnections
11,174,1,10,0,RandomConnections
11,176,1,10,0,RandomConnections
11,177,2,10,0,RandomConnections
11,182,2,10,0,RandomConnections
12,16,1,10,0,RandomConnections
12,18,1,10,0,RandomConnections
12,33,1,10,0,RandomConnections
12,38,2,10,0,RandomConnections
12,45,1,10,0,RandomConnections
12,77,1,10,0,RandomConnections
12,87,1,10,0,RandomConnections
12,94,1,10,0,RandomConnections
12,128,1,10,0,RandomConnections
12,148,2,10,0,RandomConnections
12,153,1,10,0,RandomConnections
12,159,1,10,0,RandomConnections
12,178,1,10,0,RandomConnections
12,185,1,10,0,RandomConnections
13,6,1,10,0,RandomConnections
13,15,1,10,0,RandomConnections
13,22,1,10,0,RandomConnections
13,27,2,10,0,RandomConnections
13,31,1,10,0,RandomConnections
13,39,1,10,0,RandomConnections
13,42,1,10,0,RandomConnections
13,49,1,10,0,RandomConnections
13,69,1,10,0,RandomConnections
13,73,1,10,0,RandomConnections
13,85,1,10,0,RandomConnections
13,88,1,10,0,RandomConnections
13,93,1,10,0,RandomConnections
13,94,1,10,0,RandomConnections
13,105,1,10,0,RandomConnections
14,47,1,10,0,RandomConnections
14,51,1,10,0,RandomConnections
14,55,1,10,0,RandomConnections
14,61,1,10,0,RandomConnections
14,62,1,10,0,RandomConnections
14,70,1,10,0,RandomConnections
14,77,1,10,0,RandomConnections
14,94,1,10,0,RandomConnections
14,96,1,10,0,RandomConnections
14,143,1,10,0,RandomConnections
14,159,1,10,0,RandomConnections
14,179,1,10,0,RandomConnections
15,18,2,10,0,RandomConnections
15,33,1,10,0,RandomConnections
15,40,1,10,0,RandomConnections
15,78,2,10,0,RandomConnections
15,83,1,10,0,RandomConnections
15,88,1,10,0,RandomConnections
15,130,1,10,0,RandomConnections
15,143,1,10,0,RandomConnections
15,145,1,10,0,RandomConnections
15,147,1,10,0,RandomConnections
15,168,1,10,0,RandomConnections
15,173,1,10,0,RandomConnections
15,184,1,10,0,RandomConnections
16,19,2,10,0,RandomConnections
16,34,1,10,0,RandomConnections
16,44,1,10,0,RandomConnections
16,70,1,10,0,RandomConnections
16,78,1,10,0,RandomConnections
16,85,1,10,0,RandomConnections
16,89,1,10,0,RandomConnections
16,99,1,10,0,RandomConnections
16,107,1,10,0,RandomConnections
16,109,1,10,0,RandomConnections
16,118,1,10,0,RandomConnections
16,122,1,10,0,RandomConnections
16,125,1,10,0,RandomConnections
16,136,1,10,0,RandomConnections
16,137,1,10,0,RandomConnections
16,149,1,10,0,RandomConnections
16,160,1,10,0,RandomConnections
16,177,1,10,0,RandomConnections
16,179,1,10,0,RandomConnections
17,2,1,10,0,RandomConnections
17,28,1,10,0,RandomConnections
17,30,1,10,0,RandomConnections
17,48,1,10,0,RandomConnections
17,51,1,10,0,RandomConnections
17,54,1,10,0,RandomConnections
17,72,1,10,0,RandomConnections
17,78,1,10,0,RandomConnections
17,79,1,10,0,RandomConnections
17,82,1,10,0,RandomConnections
17,92,1,10,0,RandomConnections
17,123,1,10,0,RandomConnections
17,143,2,10,0,RandomConnections
17,167,1,10,0,RandomConnections
18,3,1,10,0,RandomConnections
18,4,1,10,0,RandomConnections
18,10,1,10,0,RandomConnections
18,22,1,10,0,RandomConnections
18,45,1,10,0,RandomConnections
18,63,1,10,0,RandomConnections
18,67,1,10,0,RandomConnections
18,71,1,10,0,RandomConnections
18,78,1,10,0,RandomConnections
18,143,1,10,0,RandomConnections
18,159,1,10,0,RandomConnections
18,161,1,10,0,RandomConnections
18,166,1,10,0,RandomConnections
18,179,1,10,0,RandomConnections
18,192,1,10,0,RandomConnections
19,12,1,10,0,RandomConnections
19,14,1,10,0,RandomConnections
19,52,1,10,0,RandomConnections
19,73,2,10,0,RandomConnections
19,76,1,10,0,RandomConnections
19,95,1,10,0,RandomConnections
19,103,1,10,0,RandomConnections
19,138,1,10,0,RandomConnections
19,141,1,10,0,RandomConnections
19,148,1,10,0,RandomConnections
20,6,1,10,0,RandomConnections
20,47,1,10,0,RandomConnections
20,63,1,10,0,RandomConnections
20,80,1,10,0,RandomConnections
20,102,1,10,0,RandomConnections
20,111,1,10,0,RandomConnections
20,143,1,10,0,RandomConnections
20,156,1,10,0,RandomConnections
20,187,1,10,0,RandomConnections
21,4,1,10,0,RandomConnections
21,19,2,10,0,RandomConnections
21,30,1,10,0,RandomConnections
21,54,1,10,0,RandomConnections
21,67,1,10,0,RandomConnections
21,111,1,10,0,RandomConnections
21,144,1,10,0,RandomConnections
21,173,1,10,0,RandomConnections
22,7,1,10,0,RandomConnections
22,50,1,10,0,RandomConnections
22,91,1,10,0,RandomConnections
23,68,1,10,0,RandomConnections
23,91,1,10,0,RandomConnections
23,148,1,10,0,RandomConnections
24,58,1,10,0,RandomConnections
24,168,1,10,0,RandomConnections
,,,,,
"datasets/ontologies/random_model (1).ttl",,,,,
Layer,node,Number of connected classes,Number of classes total,csv row,pruning type
0,7,1,10,1,RandomConnections
0,17,1,10,1,RandomConnections
0,28,1,10,1,RandomConnections
0,32,1,10,1,RandomConnections
0,44,1,10,1,RandomConnections
0,49,1,10,1,RandomConnections
0,52,1,10,1,RandomConnections
0,67,1,10,1,RandomConnections
0,82,1,10,1,RandomConnections
0,97,1,10,1,RandomConnections
0,106,1,10,1,RandomConnections
0,107,1,10,1,RandomConnections
0,133,2,10,1,RandomConnections
0,159,1,10,1,RandomConnections
0,163,1,10,1,RandomConnections
1,7,1,10,1,RandomConnections
1,32,1,10,1,RandomConnections
1,40,1,10,1,RandomConnections
1,52,1,10,1,RandomConnections
1,72,1,10,1,RandomConnections
1,83,1,10,1,RandomConnections
1,93,1,10,1,RandomConnections
1,103,1,10,1,RandomConnections
1,104,1,10,1,RandomConnections
1,106,1,10,1,RandomConnections
1,109,1,10,1,RandomConnections
1,113,1,10,1,RandomConnections
1,116,1,10,1,RandomConnections
2,2,1,10,1,RandomConnections
2,24,1,10,1,RandomConnections
2,31,1,10,1,RandomConnections
2,37,3,10,1,RandomConnections
2,47,1,10,1,RandomConnections
2,59,1,10,1,RandomConnections
2,73,2,10,1,RandomConnections
2,79,1,10,1,RandomConnections
2,85,1,10,1,RandomConnections
2,87,1,10,1,RandomConnections
2,90,1,10,1,RandomConnections
2,103,1,10,1,RandomConnections
2,107,1,10,1,RandomConnections
2,110,1,10,1,RandomConnections
2,125,1,10,1,RandomConnections
2,154,1,10,1,RandomConnections
2,167,1,10,1,RandomConnections
3,3,1,10,1,RandomConnections
3,10,1,10,1,RandomConnections
3,42,1,10,1,RandomConnections
3,55,1,10,1,RandomConnections
3,57,1,10,1,RandomConnections
3,60,1,10,1,RandomConnections
3,61,1,10,1,RandomConnections
3,63,1,10,1,RandomConnections
3,70,1,10,1,RandomConnections
3,83,1,10,1,RandomConnections
3,98,1,10,1,RandomConnections
3,107,1,10,1,RandomConnections
3,124,1,10,1,RandomConnections
3,126,1,10,1,RandomConnections
3,130,1,10,1,RandomConnections
3,169,1,10,1,RandomConnections
4,16,1,10,1,RandomConnections
4,20,1,10,1,RandomConnections
4,30,1,10,1,RandomConnections
4,45,1,10,1,RandomConnections
4,54,1,10,1,RandomConnections
4,71,1,10,1,RandomConnections
4,72,1,10,1,RandomConnections
4,86,1,10,1,RandomConnections
4,87,1,10,1,RandomConnections
4,97,1,10,1,RandomConnections
4,106,1,10,1,RandomConnections
4,125,1,10,1,RandomConnections
4,128,1,10,1,RandomConnections
4,137,1,10,1,RandomConnections
4,152,1,10,1,RandomConnections
4,160,1,10,1,RandomConnections
4,165,1,10,1,RandomConnections
4,169,1,10,1,RandomConnections
5,16,1,10,1,RandomConnections
5,18,1,10,1,RandomConnections
5,32,1,10,1,RandomConnections
5,40,1,10,1,RandomConnections
5,43,1,10,1,RandomConnections
5,45,1,10,1,RandomConnections
5,77,1,10,1,RandomConnections
5,96,1,10,1,RandomConnections
5,100,1,10,1,RandomConnections
5,106,1,10,1,RandomConnections
5,117,1,10,1,RandomConnections
5,130,1,10,1,RandomConnections
5,141,1,10,1,RandomConnections
5,166,1,10,1,RandomConnections
5,174,1,10,1,RandomConnections
6,17,1,10,1,RandomConnections
6,46,1,10,1,RandomConnections
6,52,2,10,1,RandomConnections
6,69,1,10,1,RandomConnections
6,73,1,10,1,RandomConnections
6,75,1,10,1,RandomConnections
6,91,1,10,1,RandomConnections
6,127,1,10,1,RandomConnections
6,153,1,10,1,RandomConnections
6,162,1,10,1,RandomConnections
7,9,1,10,1,RandomConnections
7,20,1,10,1,RandomConnections
7,29,1,10,1,RandomConnections
7,36,1,10,1,RandomConnections
7,59,1,10,1,RandomConnections
7,68,1,10,1,RandomConnections
7,69,1,10,1,RandomConnections
7,81,1,10,1,RandomConnections
7,83,1,10,1,RandomConnections
7,99,1,10,1,RandomConnections
7,124,1,10,1,RandomConnections
7,130,1,10,1,RandomConnections
7,132,1,10,1,RandomConnections
7,143,1,10,1,RandomConnections
7,154,1,10,1,RandomConnections
7,161,2,10,1,RandomConnections
8,6,1,10,1,RandomConnections
8,24,1,10,1,RandomConnections
8,32,1,10,1,RandomConnections
8,55,1,10,1,RandomConnections
8,66,1,10,1,RandomConnections
8,73,1,10,1,RandomConnections
8,78,1,10,1,RandomConnections
8,106,1,10,1,RandomConnections
8,109,2,10,1,RandomConnections
8,132,1,10,1,RandomConnections
8,143,1,10,1,RandomConnections
8,155,2,10,1,RandomConnections
8,156,1,10,1,RandomConnections
8,160,1,10,1,RandomConnections
8,165,1,10,1,RandomConnections
8,166,1,10,1,RandomConnections
8,181,1,10,1,RandomConnections
9,0,1,10,1,RandomConnections
9,4,1,10,1,RandomConnections
9,21,1,10,1,RandomConnections
9,30,1,10,1,RandomConnections
9,54,1,10,1,RandomConnections
9,83,1,10,1,RandomConnections
9,96,1,10,1,RandomConnections
9,117,1,10,1,RandomConnections
9,120,1,10,1,RandomConnections
9,123,1,10,1,RandomConnections
9,124,1,10,1,RandomConnections
9,137,1,10,1,RandomConnections
9,138,1,10,1,RandomConnections
9,182,1,10,1,RandomConnections
9,183,1,10,1,RandomConnections
10,3,1,10,1,RandomConnections
10,7,1,10,1,RandomConnections
10,45,2,10,1,RandomConnections
10,46,1,10,1,RandomConnections
10,63,1,10,1,RandomConnections
10,70,1,10,1,RandomConnections
10,73,1,10,1,RandomConnections
10,95,1,10,1,RandomConnections
10,98,2,10,1,RandomConnections
10,110,1,10,1,RandomConnections
10,123,1,10,1,RandomConnections
10,139,1,10,1,RandomConnections
10,141,1,10,1,RandomConnections
10,144,1,10,1,RandomConnections
10,181,1,10,1,RandomConnections
11,21,1,10,1,RandomConnections
11,25,1,10,1,RandomConnections
11,45,2,10,1,RandomConnections
11,65,1,10,1,RandomConnections
11,77,1,10,1,RandomConnections
11,84,1,10,1,RandomConnections
11,101,1,10,1,RandomConnections
11,108,1,10,1,RandomConnections
11,109,1,10,1,RandomConnections
11,118,1,10,1,RandomConnections
11,127,1,10,1,RandomConnections
11,146,1,10,1,RandomConnections
12,5,1,10,1,RandomConnections
12,18,1,10,1,RandomConnections
12,26,1,10,1,RandomConnections
12,28,1,10,1,RandomConnections
12,30,1,10,1,RandomConnections
12,87,1,10,1,RandomConnections
12,89,1,10,1,RandomConnections
12,92,1,10,1,RandomConnections
12,95,1,10,1,RandomConnections
12,96,1,10,1,RandomConnections
12,112,1,10,1,RandomConnections
12,116,1,10,1,RandomConnections
12,132,1,10,1,RandomConnections
12,143,1,10,1,RandomConnections
12,157,1,10,1,RandomConnections
12,158,1,10,1,RandomConnections
12,164,1,10,1,RandomConnections
13,0,1,10,1,RandomConnections
13,2,1,10,1,RandomConnections
13,8,1,10,1,RandomConnections
13,49,1,10,1,RandomConnections
13,60,1,10,1,RandomConnections
13,70,1,10,1,RandomConnections
13,74,1,10,1,RandomConnections
13,101,1,10,1,RandomConnections
13,107,1,10,1,RandomConnections
13,116,1,10,1,RandomConnections
13,118,1,10,1,RandomConnections
13,123,1,10,1,RandomConnections
13,138,1,10,1,RandomConnections
13,183,1,10,1,RandomConnections
13,184,1,10,1,RandomConnections
14,3,1,10,1,RandomConnections
14,8,1,10,1,RandomConnections
14,27,1,10,1,RandomConnections
14,59,1,10,1,RandomConnections
14,77,1,10,1,RandomConnections
14,88,1,10,1,RandomConnections
14,95,1,10,1,RandomConnections
14,96,1,10,1,RandomConnections
14,105,1,10,1,RandomConnections
14,106,1,10,1,RandomConnections
14,117,1,10,1,RandomConnections
14,128,1,10,1,RandomConnections
14,152,2,10,1,RandomConnections
14,174,2,10,1,RandomConnections
14,175,1,10,1,RandomConnections
14,184,1,10,1,RandomConnections
15,0,1,10,1,RandomConnections
15,15,1,10,1,RandomConnections
15,33,1,10,1,RandomConnections
15,43,1,10,1,RandomConnections
15,52,1,10,1,RandomConnections
15,56,1,10,1,RandomConnections
15,68,1,10,1,RandomConnections
15,81,1,10,1,RandomConnections
15,83,1,10,1,RandomConnections
15,99,1,10,1,RandomConnections
15,138,1,10,1,RandomConnections
15,160,1,10,1,RandomConnections
15,165,1,10,1,RandomConnections
15,166,1,10,1,RandomConnections
15,169,1,10,1,RandomConnections
15,174,1,10,1,RandomConnections
16,3,1,10,1,RandomConnections
16,5,1,10,1,RandomConnections
16,8,1,10,1,RandomConnections
16,21,1,10,1,RandomConnections
16,23,1,10,1,RandomConnections
16,26,1,10,1,RandomConnections
16,34,1,10,1,RandomConnections
16,38,1,10,1,RandomConnections
16,42,1,10,1,RandomConnections
16,62,1,10,1,RandomConnections
16,106,1,10,1,RandomConnections
16,128,1,10,1,RandomConnections
16,138,1,10,1,RandomConnections
16,158,1,10,1,RandomConnections
16,163,1,10,1,RandomConnections
16,164,1,10,1,RandomConnections
16,165,1,10,1,RandomConnections
16,185,1,10,1,RandomConnections
17,0,1,10,1,RandomConnections
17,24,1,10,1,RandomConnections
17,38,1,10,1,RandomConnections
17,48,1,10,1,RandomConnections
17,51,1,10,1,RandomConnections
17,54,1,10,1,RandomConnections
17,59,1,10,1,RandomConnections
17,70,1,10,1,RandomConnections
17,86,1,10,1,RandomConnections
17,111,1,10,1,RandomConnections
17,129,1,10,1,RandomConnections
17,138,1,10,1,RandomConnections
17,146,1,10,1,RandomConnections
17,150,1,10,1,RandomConnections
17,162,1,10,1,RandomConnections
18,4,1,10,1,RandomConnections
18,26,1,10,1,RandomConnections
18,46,1,10,1,RandomConnections
18,70,1,10,1,RandomConnections
18,108,1,10,1,RandomConnections
18,125,1,10,1,RandomConnections
18,127,1,10,1,RandomConnections
18,130,1,10,1,RandomConnections
18,144,1,10,1,RandomConnections
18,152,1,10,1,RandomConnections
18,156,1,10,1,RandomConnections
18,157,1,10,1,RandomConnections
19,18,1,10,1,RandomConnections
19,29,1,10,1,RandomConnections
19,33,1,10,1,RandomConnections
19,63,1,10,1,RandomConnections
19,68,1,10,1,RandomConnections
19,71,1,10,1,RandomConnections
19,72,1,10,1,RandomConnections
19,87,1,10,1,RandomConnections
19,90,1,10,1,RandomConnections
19,121,1,10,1,RandomConnections
19,150,1,10,1,RandomConnections
19,157,1,10,1,RandomConnections
20,13,1,10,1,RandomConnections
20,53,1,10,1,RandomConnections
20,69,1,10,1,RandomConnections
20,73,1,10,1,RandomConnections
20,75,1,10,1,RandomConnections
20,87,1,10,1,RandomConnections
20,112,1,10,1,RandomConnections
21,7,1,10,1,RandomConnections
21,14,1,10,1,RandomConnections
21,52,1,10,1,RandomConnections
21,53,1,10,1,RandomConnections
21,62,1,10,1,RandomConnections
21,121,1,10,1,RandomConnections
21,159,1,10,1,RandomConnections
22,161,1,10,1,RandomConnections
22,173,1,10,1,RandomConnections
23,42,1,10,1,RandomConnections
23,90,1,10,1,RandomConnections
23,157,1,10,1,RandomConnections
23,163,1,10,1,RandomConnections
23,193,1,10,1,RandomConnections
25,102,1,10,1,RandomConnections
,,,,,
"datasets/ontologies/random_model (2).ttl",,,,,
Layer,node,Number of connected classes,Number of classes total,csv row,pruning type
0,1,1,10,2,RandomConnections
0,4,1,10,2,RandomConnections
0,36,1,10,2,RandomConnections
0,51,1,10,2,RandomConnections
0,64,1,10,2,RandomConnections
0,65,1,10,2,RandomConnections
0,90,1,10,2,RandomConnections
0,91,1,10,2,RandomConnections
0,94,1,10,2,RandomConnections
0,102,1,10,2,RandomConnections
0,114,1,10,2,RandomConnections
0,119,1,10,2,RandomConnections
0,128,1,10,2,RandomConnections
0,130,1,10,2,RandomConnections
0,136,1,10,2,RandomConnections
0,144,1,10,2,RandomConnections
0,147,1,10,2,RandomConnections
0,159,1,10,2,RandomConnections
0,162,1,10,2,RandomConnections
1,1,1,10,2,RandomConnections
1,4,1,10,2,RandomConnections
1,15,1,10,2,RandomConnections
1,23,1,10,2,RandomConnections
1,31,1,10,2,RandomConnections
1,40,1,10,2,RandomConnections
1,55,1,10,2,RandomConnections
1,65,1,10,2,RandomConnections
1,69,1,10,2,RandomConnections
1,78,1,10,2,RandomConnections
1,83,1,10,2,RandomConnections
1,85,1,10,2,RandomConnections
1,87,1,10,2,RandomConnections
1,91,1,10,2,RandomConnections
1,92,1,10,2,RandomConnections
1,118,1,10,2,RandomConnections
1,157,1,10,2,RandomConnections
1,166,1,10,2,RandomConnections
2,1,1,10,2,RandomConnections
2,21,1,10,2,RandomConnections
2,26,1,10,2,RandomConnections
2,40,1,10,2,RandomConnections
2,45,1,10,2,RandomConnections
2,54,1,10,2,RandomConnections
2,63,1,10,2,RandomConnections
2,76,1,10,2,RandomConnections
2,84,1,10,2,RandomConnections
2,101,1,10,2,RandomConnections
2,104,1,10,2,RandomConnections
2,107,1,10,2,RandomConnections
2,114,1,10,2,RandomConnections
2,134,1,10,2,RandomConnections
2,138,1,10,2,RandomConnections
2,139,1,10,2,RandomConnections
3,14,1,10,2,RandomConnections
3,20,1,10,2,RandomConnections
3,34,1,10,2,RandomConnections
3,39,1,10,2,RandomConnections
3,64,1,10,2,RandomConnections
3,91,1,10,2,RandomConnections
3,92,1,10,2,RandomConnections
3,123,1,10,2,RandomConnections
3,135,1,10,2,RandomConnections
3,164,1,10,2,RandomConnections
3,166,1,10,2,RandomConnections
3,168,1,10,2,RandomConnections
3,174,1,10,2,RandomConnections
3,177,1,10,2,RandomConnections
4,16,1,10,2,RandomConnections
4,38,1,10,2,RandomConnections
4,39,1,10,2,RandomConnections
4,54,1,10,2,RandomConnections
4,59,1,10,2,RandomConnections
4,61,1,10,2,RandomConnections
4,71,1,10,2,RandomConnections
4,88,1,10,2,RandomConnections
4,112,1,10,2,RandomConnections
4,113,1,10,2,RandomConnections
4,115,2,10,2,RandomConnections
4,120,1,10,2,RandomConnections
4,129,1,10,2,RandomConnections
4,135,1,10,2,RandomConnections
4,137,1,10,2,RandomConnections
4,151,1,10,2,RandomConnections
5,28,1,10,2,RandomConnections
5,32,1,10,2,RandomConnections
5,59,1,10,2,RandomConnections
5,69,1,10,2,RandomConnections
5,74,1,10,2,RandomConnections
5,97,1,10,2,RandomConnections
5,104,1,10,2,RandomConnections
5,109,1,10,2,RandomConnections
5,115,1,10,2,RandomConnections
5,120,1,10,2,RandomConnections
5,135,1,10,2,RandomConnections
5,162,2,10,2,RandomConnections
6,16,1,10,2,RandomConnections
6,27,1,10,2,RandomConnections
6,41,1,10,2,RandomConnections
6,47,1,10,2,RandomConnections
6,48,1,10,2,RandomConnections
6,57,1,10,2,RandomConnections
6,79,1,10,2,RandomConnections
6,84,1,10,2,RandomConnections
6,85,1,10,2,RandomConnections
6,94,1,10,2,RandomConnections
6,103,1,10,2,RandomConnections
6,113,1,10,2,RandomConnections
6,120,1,10,2,RandomConnections
6,139,1,10,2,RandomConnections
6,160,1,10,2,RandomConnections
6,162,1,10,2,RandomConnections
6,164,1,10,2,RandomConnections
6,166,1,10,2,RandomConnections
6,177,1,10,2,RandomConnections
7,7,1,10,2,RandomConnections
7,16,2,10,2,RandomConnections
7,18,1,10,2,RandomConnections
7,22,1,10,2,RandomConnections
7,24,1,10,2,RandomConnections
7,41,1,10,2,RandomConnections
7,47,1,10,2,RandomConnections
7,69,1,10,2,RandomConnections
7,82,1,10,2,RandomConnections
7,87,1,10,2,RandomConnections
7,123,1,10,2,RandomConnections
7,139,1,10,2,RandomConnections
7,141,1,10,2,RandomConnections
7,142,1,10,2,RandomConnections
7,145,1,10,2,RandomConnections
7,159,1,10,2,RandomConnections
7,168,1,10,2,RandomConnections
7,171,1,10,2,RandomConnections
8,10,1,10,2,RandomConnections
8,24,1,10,2,RandomConnections
8,29,1,10,2,RandomConnections
8,41,1,10,2,RandomConnections
8,43,1,10,2,RandomConnections
8,47,1,10,2,RandomConnections
8,54,1,10,2,RandomConnections
8,59,1,10,2,RandomConnections
8,64,1,10,2,RandomConnections
8,82,1,10,2,RandomConnections
8,101,1,10,2,RandomConnections
8,102,1,10,2,RandomConnections
8,144,1,10,2,RandomConnections
8,149,1,10,2,RandomConnections
8,162,1,10,2,RandomConnections
8,178,1,10,2,RandomConnections
9,5,1,10,2,RandomConnections
9,32,1,10,2,RandomConnections
9,41,1,10,2,RandomConnections
9,50,1,10,2,RandomConnections
9,57,1,10,2,RandomConnections
9,79,1,10,2,RandomConnections
9,120,1,10,2,RandomConnections
9,121,1,10,2,RandomConnections
9,128,1,10,2,RandomConnections
9,153,1,10,2,RandomConnections
9,161,1,10,2,RandomConnections
9,162,1,10,2,RandomConnections
9,182,1,10,2,RandomConnections
10,5,1,10,2,RandomConnections
10,41,1,10,2,RandomConnections
10,57,1,10,2,RandomConnections
10,59,1,10,2,RandomConnections
10,71,1,10,2,RandomConnections
10,74,1,10,2,RandomConnections
10,99,1,10,2,RandomConnections
10,107,1,10,2,RandomConnections
10,111,1,10,2,RandomConnections
10,122,1,10,2,RandomConnections
10,123,1,10,2,RandomConnections
10,133,1,10,2,RandomConnections
10,136,1,10,2,RandomConnections
10,153,1,10,2,RandomConnections
10,169,1,10,2,RandomConnections
10,183,1,10,2,RandomConnections
11,22,1,10,2,RandomConnections
11,37,1,10,2,RandomConnections
11,41,1,10,2,RandomConnections
11,52,1,10,2,RandomConnections
11,71,1,10,2,RandomConnections
11,73,2,10,2,RandomConnections
11,83,1,10,2,RandomConnections
11,85,1,10,2,RandomConnections
11,104,1,10,2,RandomConnections
11,111,1,10,2,RandomConnections
11,114,2,10,2,RandomConnections
11,130,1,10,2,RandomConnections
11,152,1,10,2,RandomConnections
11,165,1,10,2,RandomConnections
11,168,1,10,2,RandomConnections
11,184,1,10,2,RandomConnections
12,0,1,10,2,RandomConnections
12,8,1,10,2,RandomConnections
12,10,1,10,2,RandomConnections
12,16,1,10,2,RandomConnections
12,29,1,10,2,RandomConnections
12,32,1,10,2,RandomConnections
12,36,1,10,2,RandomConnections
12,49,1,10,2,RandomConnections
12,112,1,10,2,RandomConnections
12,121,1,10,2,RandomConnections
12,135,2,10,2,RandomConnections
12,144,1,10,2,RandomConnections
12,150,1,10,2,RandomConnections
12,163,1,10,2,RandomConnections
12,169,1,10,2,RandomConnections
13,9,1,10,2,RandomConnections
13,10,1,10,2,RandomConnections
13,27,1,10,2,RandomConnections
13,54,1,10,2,RandomConnections
13,58,1,10,2,RandomConnections
13,81,1,10,2,RandomConnections
13,88,1,10,2,RandomConnections
13,90,1,10,2,RandomConnections
13,118,1,10,2,RandomConnections
13,133,1,10,2,RandomConnections
13,138,1,10,2,RandomConnections
13,150,1,10,2,RandomConnections
13,152,1,10,2,RandomConnections
13,174,1,10,2,RandomConnections
13,184,1,10,2,RandomConnections
14,28,1,10,2,RandomConnections
14,31,1,10,2,RandomConnections
14,36,1,10,2,RandomConnections
14,42,1,10,2,RandomConnections
14,63,1,10,2,RandomConnections
14,84,1,10,2,RandomConnections
14,103,1,10,2,RandomConnections
14,108,1,10,2,RandomConnections
14,113,1,10,2,RandomConnections
14,120,1,10,2,RandomConnections
14,135,1,10,2,RandomConnections
14,136,1,10,2,RandomConnections
14,156,1,10,2,RandomConnections
14,169,1,10,2,RandomConnections
14,173,1,10,2,RandomConnections
15,8,1,10,2,RandomConnections
15,14,1,10,2,RandomConnections
15,30,1,10,2,RandomConnections
15,51,1,10,2,RandomConnections
15,57,1,10,2,RandomConnections
15,59,1,10,2,RandomConnections
15,69,1,10,2,RandomConnections
15,73,1,10,2,RandomConnections
15,124,1,10,2,RandomConnections
15,128,1,10,2,RandomConnections
15,136,1,10,2,RandomConnections
15,141,1,10,2,RandomConnections
15,149,1,10,2,RandomConnections
15,178,1,10,2,RandomConnections
15,186,3,10,2,RandomConnections
16,11,1,10,2,RandomConnections
16,21,1,10,2,RandomConnections
16,45,1,10,2,RandomConnections
16,46,1,10,2,RandomConnections
16,59,1,10,2,RandomConnections
16,67,1,10,2,RandomConnections
16,82,2,10,2,RandomConnections
16,88,1,10,2,RandomConnections
16,92,1,10,2,RandomConnections
16,109,1,10,2,RandomConnections
16,111,1,10,2,RandomConnections
16,132,1,10,2,RandomConnections
16,144,1,10,2,RandomConnections
16,149,1,10,2,RandomConnections
16,157,1,10,2,RandomConnections
17,0,1,10,2,RandomConnections
17,3,1,10,2,RandomConnections
17,8,1,10,2,RandomConnections
17,19,1,10,2,RandomConnections
17,27,1,10,2,RandomConnections
17,40,1,10,2,RandomConnections
17,56,1,10,2,RandomConnections
17,82,1,10,2,RandomConnections
17,93,1,10,2,RandomConnections
17,94,1,10,2,RandomConnections
17,103,1,10,2,RandomConnections
17,130,2,10,2,RandomConnections
17,137,1,10,2,RandomConnections
17,152,1,10,2,RandomConnections
17,164,1,10,2,RandomConnections
17,185,1,10,2,RandomConnections
17,191,1,10,2,RandomConnections
18,6,2,10,2,RandomConnections
18,11,1,10,2,RandomConnections
18,14,1,10,2,RandomConnections
18,28,1,10,2,RandomConnections
18,45,1,10,2,RandomConnections
18,53,1,10,2,RandomConnections
18,54,1,10,2,RandomConnections
18,78,1,10,2,RandomConnections
18,112,1,10,2,RandomConnections
18,113,1,10,2,RandomConnections
18,135,1,10,2,RandomConnections
18,136,1,10,2,RandomConnections
18,157,1,10,2,RandomConnections
18,185,1,10,2,RandomConnections
18,188,1,10,2,RandomConnections
19,4,1,10,2,RandomConnections
19,30,1,10,2,RandomConnections
19,46,1,10,2,RandomConnections
19,67,1,10,2,RandomConnections
19,75,1,10,2,RandomConnections
19,84,1,10,2,RandomConnections
19,89,1,10,2,RandomConnections
19,136,1,10,2,RandomConnections
19,139,1,10,2,RandomConnections
19,162,1,10,2,RandomConnections
19,187,1,10,2,RandomConnections
19,188,1,10,2,RandomConnections
20,13,1,10,2,RandomConnections
20,23,1,10,2,RandomConnections
20,51,1,10,2,RandomConnections
20,54,1,10,2,RandomConnections
20,60,1,10,2,RandomConnections
20,61,1,10,2,RandomConnections
20,85,1,10,2,RandomConnections
20,87,1,10,2,RandomConnections
20,90,1,10,2,RandomConnections
20,106,1,10,2,RandomConnections
20,156,2,10,2,RandomConnections
20,168,1,10,2,RandomConnections
20,170,1,10,2,RandomConnections
21,19,1,10,2,RandomConnections
21,29,1,10,2,RandomConnections
21,30,1,10,2,RandomConnections
21,133,1,10,2,RandomConnections
21,150,1,10,2,RandomConnections
21,156,2,10,2,RandomConnections
21,165,1,10,2,RandomConnections
21,188,1,10,2,RandomConnections
22,0,1,10,2,RandomConnections
22,24,1,10,2,RandomConnections
22,121,1,10,2,RandomConnections
22,130,1,10,2,RandomConnections
22,141,1,10,2,RandomConnections
23,8,1,10,2,RandomConnections
24,40,1,10,2,RandomConnections
24,61,1,10,2,RandomConnections
24,73,1,10,2,RandomConnections
24,121,1,10,2,RandomConnections
24,159,1,10,2,RandomConnections
25,136,1,10,2,RandomConnections
26,178,1,10,2,RandomConnections
,,,,,
